time,energy_abs,energy_wave,eta
9.0,109.94316921245908,557807382.700895,1.9709880618667309e-07
18.0,414.7154512800739,557807382.700895,7.434742962203692e-07
27.0,603.0749129946486,557807382.700895,1.0811526195199657e-06
36.0,1490.0991206346519,557807382.700895,2.6713506612616248e-06
45.0,567.5348182660449,557807382.700895,1.0174386999290862e-06
54.0,661.6655041636116,557807382.700895,1.1861899370349621e-06
63.0,953.1822475866312,557807382.700895,1.7088017784406815e-06
72.0,910.6814062565459,557807382.700895,1.6326090950016476e-06
81.0,5604.170776840306,557807382.700895,1.00467848770753e-05
90.0,2832.5295222609916,557807382.700895,5.077970658161473e-06
99.0,2393.4215922388194,557807382.700895,4.290767147343781e-06
108.0,712.6022006626795,557807382.700895,1.277505860916129e-06
117.0,794.0115943497588,557807382.700895,1.423451210891413e-06
126.0,1181.5760513451462,557807382.700895,2.118251009199578e-06
135.0,5082.659351210485,557807382.700895,9.111853856433962e-06
144.0,3765.687600085204,557807382.700895,6.750874435995811e-06
153.0,353.24671463394594,557807382.700895,6.332772307952087e-07
162.0,602.7854527284503,557807382.700895,1.080633694394241e-06
171.0,568.0291519853728,557807382.700895,1.0183249085642864e-06
180.0,561.3796586136598,557807382.700895,1.0064041388184354e-06
189.0,445.14286777684043,557807382.700895,7.980225461008877e-07
198.0,657.0109040890552,557807382.700895,1.177845479397957e-06
207.0,1412.7605534672443,557807382.700895,2.5327032184957446e-06
216.0,809.5347214122833,557807382.700895,1.451280041315567e-06
225.0,336.79884067439014,557807382.700895,6.037905755990808e-07
234.0,492.62677601628417,557807382.700895,8.831485406862002e-07
243.0,261.99014624578206,557807382.700895,4.696785205266192e-07
252.0,490.9501350189925,557807382.700895,8.80142770147321e-07
261.0,805.0775551101673,557807382.700895,1.4432895298229897e-06
270.0,52.26357873522922,557807382.700895,9.369467016045889e-08
279.0,279.990794607319,557807382.700895,5.019488864625775e-07
288.0,689.7801127329292,557807382.700895,1.2365919385882353e-06
297.0,629.9863704572597,557807382.700895,1.1293976917388136e-06
306.0,608.9412529602405,557807382.700895,1.0916694038930719e-06
315.0,335.65037366478805,557807382.700895,6.01731680279264e-07
324.0,42.14940594594825,557807382.700895,7.556265344116004e-08
333.0,292.5905833055512,557807382.700895,5.245369501723552e-07
342.0,142.6735792463492,557807382.700895,2.5577570980779396e-07
351.0,182.37435009197281,557807382.700895,3.269486129941826e-07
360.0,42.543044119125135,557807382.700895,7.626834179413754e-08
369.0,1025.9301428297329,557807382.700895,1.8392193697082216e-06
378.0,897.8352769031025,557807382.700895,1.6095794081386977e-06
387.0,328.79347245763506,557807382.700895,5.894390835517846e-07
396.0,1420.321984142121,557807382.700895,2.5462588488250964e-06
405.0,1063.2524518335526,557807382.700895,1.9061283245935184e-06
414.0,572.5959732491656,557807382.700895,1.0265120021837369e-06
423.0,368.26133281482015,557807382.700895,6.601944402953297e-07
432.0,81.45242648056171,557807382.700895,1.4602249630718455e-07
441.0,136.6855680619812,557807382.700895,2.4504080136077036e-07
450.0,109.62765099319405,557807382.700895,1.9653316609468057e-07
459.0,425.5445370253917,557807382.700895,7.628879613692302e-07
468.0,229.6084541846618,557807382.700895,4.11626775308891e-07
477.0,38.84607942189792,557807382.700895,6.964066921058982e-08
486.0,374.3717117143354,557807382.700895,6.711487214486714e-07
495.0,156.53494970233206,557807382.700895,2.806254534394869e-07
504.0,257.1228536572053,557807382.700895,4.609527618874823e-07
513.0,226.42379806496456,557807382.700895,4.059175354915956e-07
522.0,116.58723163597155,557807382.700895,2.09009839689568e-07
531.0,46.88134234262564,557807382.700895,8.404575449616119e-08
540.0,126.32991373518126,557807382.700895,2.264758725915274e-07
549.0,108.43981572504043,557807382.700895,1.9440369397761729e-07
558.0,157.74573286764843,557807382.700895,2.827960650213089e-07
567.0,1066.2331579351455,557807382.700895,1.9114719363742743e-06
576.0,1305.1733168768587,557807382.700895,2.339827971722477e-06
585.0,558.9620029267861,557807382.700895,1.0020699263969949e-06
594.0,1500.0690563084179,557807382.700895,2.689224099267217e-06
603.0,621.4563623870864,557807382.700895,1.1141056602334737e-06
612.0,736.1734596833446,557807382.700895,1.319762847380764e-06
621.0,375.0259645899248,557807382.700895,6.723216225178928e-07
630.0,1832.0733298747773,557807382.700895,3.2844192936348485e-06
639.0,332.03122574649785,557807382.700895,5.952435124447577e-07
648.0,969.7283446725814,557807382.700895,1.738464521529227e-06
657.0,525.3155555219881,557807382.700895,9.417508118634398e-07
666.0,730.6919532520437,557807382.700895,1.3099359669892576e-06
675.0,615.1765954061094,557807382.700895,1.1028477113863815e-06
684.0,457.81341721706497,557807382.700895,8.207374649656649e-07
693.0,371.3866299273039,557807382.700895,6.657972652298999e-07
702.0,443.03682818565477,557807382.700895,7.942469783036522e-07
711.0,128.4047145764541,557807382.700895,2.3019543763426073e-07
720.0,1202.320425327113,557807382.700895,2.1554401440610114e-06
729.0,307.5083150338749,557807382.700895,5.512804680800823e-07
738.0,621.9548648271146,557807382.700895,1.1149993422740635e-06
747.0,1378.0423684063262,557807382.700895,2.470462763927336e-06
756.0,173.67614205436163,557807382.700895,3.1135504376694404e-07
765.0,109.50733251982582,557807382.700895,1.9631746713281736e-07
774.0,183.33665902605722,557807382.700895,3.286737764895543e-07
783.0,2545.968532097722,557807382.700895,4.564243161806465e-06
792.0,300.4788854473983,557807382.700895,5.386785739415713e-07
801.0,934.2916208025472,557807382.700895,1.6749359183428538e-06
810.0,807.3691655640895,557807382.700895,1.4473977767286265e-06
819.0,783.7694494626215,557807382.700895,1.4050897743009807e-06
828.0,192.22256022650393,557807382.700895,3.4460382954374896e-07
837.0,85.91953860882059,557807382.700895,1.54030838015803e-07
846.0,244.61931567753774,557807382.700895,4.3853725006846396e-07
855.0,771.4808964841227,557807382.700895,1.38305967330268e-06
864.0,293.42202380709824,557807382.700895,5.260275014402879e-07
873.0,423.71698694004283,557807382.700895,7.596116510477353e-07
882.0,2173.5057834459235,557807382.700895,3.8965167024535265e-06
891.0,2764.062650223485,557807382.700895,4.955227800750744e-06
900.0,187.3668426997248,557807382.700895,3.3589882190604467e-07
909.0,711.5974757723512,557807382.700895,1.275704656913659e-06
918.0,1336.3933577466817,557807382.700895,2.3957971858957562e-06
927.0,292.3180862446157,557807382.700895,5.240484355535345e-07
936.0,140.91992382143042,557807382.700895,2.5263187292197225e-07
945.0,487.227720195558,557807382.700895,8.734694722690987e-07
954.0,306.3943627982423,557807382.700895,5.492834485529493e-07
963.0,554.1180231447792,557807382.700895,9.933859614079468e-07
972.0,2849.084996305945,557807382.700895,5.10765021163886e-06
981.0,1724.199892069567,557807382.700895,3.091030964346541e-06
990.0,1190.1015648649345,557807382.700895,2.1335349831737272e-06
999.0,2022.047643223347,557807382.700895,3.6249926156097524e-06
1008.0,1220.9603661668393,557807382.700895,2.188856591060103e-06
1017.0,294.7307287499449,557807382.700895,5.28373660676313e-07
1026.0,1126.8192733576882,557807382.700895,2.0200866971348543e-06
1035.0,301.6267615925894,557807382.700895,5.407364099989445e-07
1044.0,541.8562324759764,557807382.700895,9.714038380996624e-07
1053.0,748.7662959344876,557807382.700895,1.3423384472055074e-06
1062.0,2205.2112362610533,557807382.700895,3.953356130898545e-06
1071.0,1365.6842780157506,557807382.700895,2.4483080008785973e-06
1080.0,725.8547407262499,557807382.700895,1.3012641338873508e-06
1089.0,2668.8244955213195,557807382.700895,4.784491167181961e-06
1098.0,1460.0644489752694,557807382.700895,2.6175064982210515e-06
1107.0,722.7101529772009,557807382.700895,1.2956267259817343e-06
1116.0,858.7537084364204,557807382.700895,1.5395165698208364e-06
1125.0,1860.0171088803877,557807382.700895,3.3345150433008128e-06
1134.0,701.5842760850622,557807382.700895,1.2577536580602461e-06
1143.0,950.9737798104907,557807382.700895,1.704842584201539e-06
1152.0,2865.8875647732275,557807382.700895,5.13777273957301e-06
1161.0,794.1678672835477,557807382.700895,1.4237313666201383e-06
1170.0,2106.424307496969,557807382.700895,3.776257491067426e-06
1179.0,1251.4855265946226,557807382.700895,2.2435800697634164e-06
1188.0,1916.1026082520095,557807382.700895,3.4350613987471257e-06
1197.0,2136.505003225373,557807382.700895,3.830184162999865e-06
1206.0,1153.7535845288078,557807382.700895,2.068372739963301e-06
1215.0,1697.1152423735825,557807382.700895,3.042475404603245e-06
1224.0,1368.4120683349918,557807382.700895,2.4531982020552703e-06
1233.0,436.09543228664916,557807382.700895,7.818029051087161e-07
1242.0,391.36466292267255,557807382.700895,7.016125549068402e-07
1251.0,403.1697635811523,557807382.700895,7.227759547193699e-07
1260.0,3110.6325186009663,557807382.700895,5.576535225366381e-06
1269.0,679.941515664344,557807382.700895,1.218953955704346e-06
1278.0,696.1077510948342,557807382.700895,1.247935708065194e-06
1287.0,593.9650284112549,557807382.700895,1.0648210239442963e-06
1296.0,358.25969330430706,557807382.700895,6.422641657584721e-07
1305.0,924.7769336494449,557807382.700895,1.6578786196261669e-06
1314.0,533.2007745368932,557807382.700895,9.558869084075994e-07
1323.0,1841.590237934909,557807382.700895,3.3014805738460413e-06
1332.0,1192.9540953772785,557807382.700895,2.138648810277506e-06
1341.0,631.2467469811551,557807382.700895,1.1316572109975807e-06
1350.0,215.7753062620822,557807382.700895,3.868276271592201e-07
1359.0,1180.1461688865274,557807382.700895,2.1156876109675662e-06
1368.0,1764.1960542196234,557807382.700895,3.162733425429783e-06
1377.0,344.074301003603,557807382.700895,6.168335373002782e-07
1386.0,32.50046076276569,557807382.700895,5.826466585185543e-08
1395.0,630.0877579128451,557807382.700895,1.1295794524302806e-06
1404.0,251.31384835866123,557807382.700895,4.505387632946043e-07
1413.0,2154.9201256860756,557807382.700895,3.863197570552016e-06
1422.0,842.0455546382805,557807382.700895,1.5095633022300793e-06
1431.0,2164.611762874679,557807382.700895,3.880572093531035e-06
1440.0,732.6779333585205,557807382.700895,1.313496300122284e-06
1449.0,510.72478526845566,557807382.700895,9.155934487556154e-07
1458.0,1094.8400834111897,557807382.700895,1.962756530955166e-06
1467.0,994.329049219539,557807382.700895,1.7825670295093849e-06
1476.0,4481.4651579024385,557807382.700895,8.0340728661626e-06
1485.0,1067.8280628692107,557807382.700895,1.9143311759317406e-06
1494.0,847.1551148528254,557807382.700895,1.5187233821662828e-06
1503.0,146.86566322611495,557807382.700895,2.6329099933205184e-07
1512.0,549.5916417929234,557807382.700895,9.852713657747034e-07
1521.0,1282.093719041604,557807382.700895,2.2984524027518697e-06
1530.0,1111.4188111443045,557807382.700895,1.9924777720990912e-06
1539.0,516.5611678878314,557807382.700895,9.260565275895955e-07
1548.0,444.49896642896437,557807382.700895,7.968682025625172e-07
1557.0,529.7850108334895,557807382.700895,9.497633542752313e-07
1566.0,1094.3500296621403,557807382.700895,1.9618779951662054e-06
1575.0,1030.4989227084095,557807382.700895,1.8474099746022528e-06
1584.0,933.6904736159019,557807382.700895,1.673858221623003e-06
1593.0,601.2880280748326,557807382.700895,1.0779492110043529e-06
1602.0,982.3571032704791,557807382.700895,1.7611045205495866e-06
1611.0,3252.710517059299,557807382.700895,5.831243217523805e-06
1620.0,873.4328233785462,557807382.700895,1.565832311414377e-06
1629.0,237.27966173237235,557807382.700895,4.2537920631933517e-07
1638.0,377.057640938835,557807382.700895,6.75963876837068e-07
1647.0,1455.4643301428323,557807382.700895,2.6092597109337207e-06
1656.0,418.1410416738002,557807382.700895,7.496154669899985e-07
1665.0,694.0868313042703,557807382.700895,1.2443127373888678e-06
1674.0,1517.7998870521817,557807382.700895,2.7210107541119614e-06
1683.0,3216.3794583715344,557807382.700895,5.766111310319833e-06
1692.0,2243.0014801958214,557807382.700895,4.021103968425878e-06
1701.0,2226.221520581014,557807382.700895,3.991021972139706e-06
1710.0,1139.7212223999645,557807382.700895,2.043216453825784e-06
1719.0,313.6799060202571,557807382.700895,5.623444861941837e-07
1728.0,29.309737641547127,557807382.700895,5.254454951748723e-08
1737.0,866.2176683934644,557807382.700895,1.5528974611258308e-06
1746.0,831.1859764338291,557807382.700895,1.4900949722272211e-06
1755.0,645.6122280417344,557807382.700895,1.1574106906145448e-06
1764.0,593.1040674531605,557807382.700895,1.0632775503639977e-06
1773.0,173.82932658179436,557807382.700895,3.1162966280603066e-07
1782.0,534.2361473821721,557807382.700895,9.57743056026632e-07
1791.0,908.9228811824751,557807382.700895,1.6294565281324966e-06
1800.0,393.7052064995651,557807382.700895,7.05808525862907e-07
1809.0,778.1481430131767,557807382.700895,1.395012269729015e-06
1818.0,772.3656803537635,557807382.700895,1.384645855015365e-06
1827.0,78.23131000424308,557807382.700895,1.4024789278594388e-07
1836.0,572.1710354610162,557807382.700895,1.0257502019614238e-06
1845.0,438.294542471332,557807382.700895,7.857453236798632e-07
1854.0,634.2594277823197,557807382.700895,1.137058144894471e-06
1863.0,413.20672624151007,557807382.700895,7.407695542514503e-07
1872.0,335.39236481840396,557807382.700895,6.01269139168505e-07
1881.0,1305.58862161054,557807382.700895,2.3405725024450193e-06
1890.0,337.5024853413896,557807382.700895,6.050520229890247e-07
1899.0,503.96141619576156,557807382.700895,9.03468530222006e-07
1908.0,572.4421934396117,557807382.700895,1.02623631596243e-06
1917.0,1273.1352471736022,557807382.700895,2.282392249828427e-06
1926.0,189.71935029917822,557807382.700895,3.401162411665475e-07
1935.0,181.4188584211158,557807382.700895,3.252356710352029e-07
1944.0,734.1790215549113,557807382.700895,1.3161873512681522e-06
1953.0,1543.9689492473215,557807382.700895,2.7679249094399703e-06
1962.0,2435.4101732500076,557807382.700895,4.366041484531431e-06
1971.0,1250.6249436131639,557807382.700895,2.2420372737945075e-06
1980.0,620.1539404337097,557807382.700895,1.1117707647233597e-06
1989.0,198.25566915559338,557807382.700895,3.5541958623000367e-07
1998.0,1609.3547183122698,557807382.700895,2.8851441702327397e-06
2007.0,495.0621083585308,557807382.700895,8.875144426404817e-07
2016.0,510.72945292291956,557807382.700895,9.156018166162935e-07
2025.0,811.8738038735769,557807382.700895,1.4554733928807037e-06
2034.0,602.318572518027,557807382.700895,1.0797967025850568e-06
2043.0,1183.9602355660338,557807382.700895,2.122525216201543e-06
2052.0,491.44941512676115,557807382.700895,8.810378463389469e-07
2061.0,1084.9001052213416,557807382.700895,1.944936798735563e-06
2070.0,1194.2449028049732,557807382.700895,2.1409628840379585e-06
2079.0,1180.8952350562024,557807382.700895,2.1170304870084817e-06
2088.0,2677.4955476375962,557807382.700895,4.8000360530784005e-06
2097.0,1698.6369187791574,557807382.700895,3.0452033649221046e-06
2106.0,1351.5958414200295,557807382.700895,2.4230511881639556e-06
2115.0,834.9611021870236,557807382.700895,1.496862766756787e-06
2124.0,290.40339809910927,557807382.700895,5.206159099095828e-07
2133.0,2093.7216289754138,557807382.700895,3.753484973321159e-06
2142.0,1205.3791167264399,557807382.700895,2.1609235627001067e-06
2151.0,286.3322029778317,557807382.700895,5.133173418957193e-07
2160.0,2118.5915425462213,557807382.700895,3.798070101345796e-06
2169.0,1847.863301077896,557807382.700895,3.312726504497969e-06
2178.0,5300.534015999616,557807382.700895,9.502445074022706e-06
2187.0,443.7302562477522,557807382.700895,7.954901100433932e-07
2196.0,1492.162794198376,557807382.700895,2.675050278060763e-06
2205.0,585.5760833832943,557807382.700895,1.049781880885018e-06
2214.0,809.1749082839181,557807382.700895,1.4506349922546831e-06
2223.0,11083.47994755778,557807382.700895,1.986972616585269e-05
2232.0,7778.254406821419,557807382.700895,1.3944337504389473e-05
2241.0,1707.5210773885808,557807382.700895,3.061130293974937e-06
2250.0,2958.1612424627065,557807382.700895,5.303194855792935e-06
2259.0,1308.0397815464607,557807382.700895,2.344966779057229e-06
2268.0,8472.2547206791,557807382.700895,1.518849513905064e-05
2277.0,956.1011058247992,557807382.700895,1.7140345134827223e-06
2286.0,1663.4989045268317,557807382.700895,2.9822102684840687e-06
2295.0,673.4511264616663,557807382.700895,1.2073184173375872e-06
2304.0,1319.8437282859634,557807382.700895,2.366128110200514e-06
2313.0,527.5810854063266,557807382.700895,9.458123032574197e-07
2322.0,947.2391920367149,557807382.700895,1.6981474634670434e-06
2331.0,1974.9078345099438,557807382.700895,3.54048349978351e-06
2340.0,6204.616910443878,557807382.700895,1.1123224795629663e-05
2349.0,4553.397690958526,557807382.700895,8.163028730295828e-06
2358.0,3117.492275389456,557807382.700895,5.5888329413902795e-06
2367.0,4428.048032089998,557807382.700895,7.938310193474772e-06
2376.0,1130.7740032631111,557807382.700895,2.0271764740508104e-06
2385.0,8403.143016708367,557807382.700895,1.5064596269809972e-05
2394.0,12768.123893617543,557807382.700895,2.288984385935245e-05
2403.0,1389.041528568711,557807382.700895,2.4901813271868026e-06
2412.0,777.9060772163144,557807382.700895,1.3945783102577543e-06
2421.0,4725.722233370169,557807382.700895,8.471960716059895e-06
2430.0,4029.124407033568,557807382.700895,7.223146433675022e-06
2439.0,3938.8223344069183,557807382.700895,7.061258879965339e-06
2448.0,10965.633024923387,557807382.700895,1.965845803586886e-05
2457.0,10258.073069244476,557807382.700895,1.8389991576617435e-05
2466.0,11261.242427364272,557807382.700895,2.018840692433561e-05
2475.0,656.3981179026933,557807382.700895,1.176746917053022e-06
2484.0,13768.551825513867,557807382.700895,2.4683344560351182e-05
2493.0,4449.110169612434,557807382.700895,7.976068993690816e-06
2502.0,7254.228605717389,557807382.700895,1.3004898878520615e-05
2511.0,5269.913167326945,557807382.700895,9.447550051794051e-06
2520.0,18070.43255474705,557807382.700895,3.239547039920893e-05
2529.0,14288.235219063075,557807382.700895,2.561499840658196e-05
2538.0,800.3511937705666,557807382.700895,1.4348164233597594e-06
2547.0,2063.8328120412752,557807382.700895,3.6999022889374962e-06
2556.0,13337.490993565269,557807382.700895,2.3910567352094443e-05
2565.0,4350.713129207767,557807382.700895,7.799669319795803e-06
2574.0,1892.4076808277455,557807382.700895,3.3925827077883695e-06
2583.0,8853.185901599505,557807382.700895,1.5871403240904613e-05
2592.0,10445.993605363474,557807382.700895,1.8726883023283284e-05
2601.0,2464.7747885511694,557807382.700895,4.418684415069528e-06
2610.0,2029.5817296620553,557807382.700895,3.6384992250099865e-06
2619.0,7629.563822055661,557807382.700895,1.3677774907017952e-05
2628.0,11320.971829302334,557807382.700895,2.0295485826104276e-05
2637.0,3381.311854323267,557807382.700895,6.0617911472433495e-06
2646.0,1976.7989498192303,557807382.700895,3.5438737656134984e-06
2655.0,5192.068753566832,557807382.700895,9.307995760878806e-06
2664.0,4489.319535832716,557807382.700895,8.048153672860153e-06
2673.0,3000.539815796512,557807382.700895,5.379168345295006e-06
2682.0,1691.3405581136428,557807382.700895,3.032122934487165e-06
2691.0,1159.6032058902806,557807382.700895,2.078859552334175e-06
2700.0,2334.1314191914557,557807382.700895,4.184475665936199e-06
2709.0,1383.5301974442534,557807382.700895,2.480300979067758e-06
2718.0,4466.578320121753,557807382.700895,8.007384732870779e-06
2727.0,292.76938659102854,557807382.700895,5.248574968180657e-07
2736.0,987.6652821183008,557807382.700895,1.7706206707699712e-06
2745.0,2435.293563640747,557807382.700895,4.365832434574624e-06
2754.0,2621.613471124794,557807382.700895,4.6998543806124995e-06
2763.0,982.8272912625976,557807382.700895,1.7619474423299358e-06
2772.0,3189.6876875824705,557807382.700895,5.718260077767437e-06
2781.0,470.55522534865463,557807382.700895,8.435801316759798e-07
2790.0,2481.6968587694955,557807382.700895,4.449021177800045e-06
2799.0,154.34171181035478,557807382.700895,2.7669356232438967e-07
2808.0,915.5359861822585,557807382.700895,1.6413120632237724e-06
2817.0,364.0598313012904,557807382.700895,6.526622676424937e-07
2826.0,1370.9393796317277,557807382.700895,2.457728997765608e-06
2835.0,1783.9600471263102,557807382.700895,3.1981649982623083e-06
2844.0,1841.158159353881,557807382.700895,3.3007059720848817e-06
2853.0,945.4677502256816,557807382.700895,1.6949717403304003e-06
2862.0,3332.593707765538,557807382.700895,5.974452492236961e-06
2871.0,6205.88807664871,557807382.700895,1.1125503657911255e-05
2880.0,3522.2815909263595,557807382.700895,6.314512321209386e-06
2889.0,170.52319864071504,557807382.700895,3.0570265638121225e-07
2898.0,791.7552117124452,557807382.700895,1.4194061180739098e-06
2907.0,5100.162756334919,557807382.700895,9.143232797744642e-06
2916.0,1156.4374671062824,557807382.700895,2.073184226258946e-06
2925.0,2172.8688786521834,557807382.700895,3.8953749018723714e-06
2934.0,4384.9544707995765,557807382.700895,7.861054921087082e-06
2943.0,2009.115740678782,557807382.700895,3.601809160270834e-06
2952.0,875.9876750348104,557807382.700895,1.5704124796507554e-06
2961.0,1157.2803109428821,557807382.700895,2.074695220668017e-06
2970.0,2660.789017438882,557807382.700895,4.770085696168779e-06
2979.0,1287.0647490537103,557807382.700895,2.30736413494881e-06
2988.0,761.6225094636875,557807382.700895,1.3653862123084903e-06
2997.0,1665.4517940689916,557807382.700895,2.9857112790528138e-06
3006.0,4872.660191779323,557807382.700895,8.735381321390864e-06
3015.0,3670.677260691216,557807382.700895,6.580546214569359e-06
3024.0,1567.2962511404203,557807382.700895,2.809744545781369e-06
3033.0,546.6571136603637,557807382.700895,9.800105387875258e-07
3042.0,1452.6072875898358,557807382.700895,2.6041377949433604e-06
3051.0,603.5055817139933,557807382.700895,1.0819246937748088e-06
3060.0,200.88745001275873,557807382.700895,3.6013766802451547e-07
3069.0,464.4758126591208,557807382.700895,8.326813646856661e-07
3078.0,4416.5520236316515,557807382.700895,7.917700913614254e-06
3087.0,1202.9277577613755,557807382.700895,2.1565289292816772e-06
3096.0,814.2332976183038,557807382.700895,1.4597033364381062e-06
3105.0,1568.8249571888305,557807382.700895,2.812485108376664e-06
3114.0,1655.4153094304168,557807382.700895,2.9677185364864136e-06
3123.0,1473.1581565329534,557807382.700895,2.640980026832818e-06
3132.0,2695.5033360161983,557807382.700895,4.832319219162378e-06
3141.0,2576.347748837837,557807382.700895,4.618705002366946e-06
3150.0,4268.531548867647,557807382.700895,7.652339644913772e-06
3159.0,469.9608889071854,557807382.700895,8.425146448073918e-07
3168.0,2689.915810792458,557807382.700895,4.822302275326523e-06
3177.0,1603.7714345419474,557807382.700895,2.8751348301926557e-06
3186.0,2151.383401234131,557807382.700895,3.856857166029544e-06
3195.0,1475.6654561574478,557807382.700895,2.645474946947274e-06
3204.0,930.7859107297528,557807382.700895,1.668651114337895e-06
3213.0,1016.8250918526189,557807382.700895,1.8228964395006162e-06
3222.0,8122.809099435582,557807382.700895,1.4562032255839032e-05
3231.0,7814.210661876959,557807382.700895,1.400879748855361e-05
3240.0,8229.988006647638,557807382.700895,1.4754175476843203e-05
3249.0,403.0428467986892,557807382.700895,7.225484267475304e-07
3258.0,4346.441226433205,557807382.700895,7.792010936441539e-06
3267.0,6453.294285100433,557807382.700895,1.156903706410926e-05
3276.0,2933.8515650611535,557807382.700895,5.259614081935396e-06
3285.0,2330.3589446860105,557807382.700895,4.1777126243873785e-06
3294.0,6845.612421453512,557807382.700895,1.2272358942807747e-05
3303.0,1668.9428834796179,557807382.700895,2.9919698721064274e-06
3312.0,4855.716797544652,557807382.700895,8.705006330381188e-06
3321.0,6105.846789850006,557807382.700895,1.0946156288368911e-05
3330.0,14474.267862165649,557807382.700895,2.594850536413029e-05
3339.0,10617.83530217797,557807382.700895,1.903494939555402e-05
3348.0,2173.1947754912835,557807382.700895,3.8959591480641705e-06
3357.0,4744.21942940216,557807382.700895,8.505121259655477e-06
3366.0,13050.262652549723,557807382.700895,2.339564347348819e-05
3375.0,3775.69814556843,557807382.700895,6.768820676568595e-06
3384.0,2010.4566299628625,557807382.700895,3.6042130174546312e-06
3393.0,677.087301073499,557807382.700895,1.2138371094965658e-06
3402.0,190.41439770901152,557807382.700895,3.413622759652766e-07
3411.0,728.0425527940776,557807382.700895,1.30518629794555e-06
3420.0,3920.577720538231,557807382.700895,7.028551148883783e-06
3429.0,605.7799554783627,557807382.700895,1.0860020398890836e-06
3438.0,1908.46028357253,557807382.700895,3.4213607470230926e-06
3447.0,2407.746620282045,557807382.700895,4.316448105480018e-06
3456.0,3876.960086741547,557807382.700895,6.9503563541403214e-06
3465.0,5683.413236851269,557807382.700895,1.0188845492385325e-05
3474.0,1137.6892551397923,557807382.700895,2.0395736779802344e-06
3483.0,445.3524504085169,557807382.700895,7.983982719126575e-07
3492.0,2730.026069561647,557807382.700895,4.8942092812449016e-06
3501.0,6461.76201606466,557807382.700895,1.1584217449358427e-05
3510.0,900.039587490684,557807382.700895,1.613531149646507e-06
3519.0,3027.245949477876,557807382.700895,5.427045326686062e-06
3528.0,3175.068017965317,557807382.700895,5.692050905801363e-06
3537.0,2486.5116949223216,557807382.700895,4.457652896027781e-06
3546.0,837.6715496631723,557807382.700895,1.5017218768370889e-06
3555.0,3572.9408764819254,557807382.700895,6.405330921189677e-06
3564.0,930.729756331895,557807382.700895,1.6685504444658216e-06
3573.0,3649.4370841665313,557807382.700895,6.54246823786378e-06
3582.0,473.03382377663155,557807382.700895,8.480235981929977e-07
3591.0,1535.1303680302492,557807382.700895,2.752079688506759e-06
3600.0,2415.2406251444277,557807382.700895,4.329882859294313e-06
3609.0,954.5549938592711,557807382.700895,1.7112627467161337e-06
3618.0,929.7766513029193,557807382.700895,1.6668417811197744e-06
3627.0,9213.500460232646,557807382.700895,1.6517351232644177e-05
3636.0,5925.177498050009,557807382.700895,1.062226439055071e-05
3645.0,7376.849809267076,557807382.700895,1.3224726021997915e-05
3654.0,7456.47090397133,557807382.700895,1.3367465428419413e-05
3663.0,9431.097304707331,557807382.700895,1.690744439243902e-05
3672.0,488.2464257355536,557807382.700895,8.752957398510428e-07
3681.0,1612.6686836598903,557807382.700895,2.891085227039078e-06
3690.0,4208.456050748398,557807382.700895,7.544640284915406e-06
3699.0,4347.729669786404,557807382.700895,7.79432077204637e-06
3708.0,1273.0210071333663,557807382.700895,2.282187447877469e-06
3717.0,13165.398685601473,557807382.700895,2.3602051700812575e-05
3726.0,1182.1824134888327,557807382.700895,2.119338054947791e-06
3735.0,4315.924230566053,557807382.700895,7.737302094619852e-06
3744.0,7135.896701951239,557807382.700895,1.2792761306598944e-05
3753.0,5872.570651896607,557807382.700895,1.0527954333378858e-05
3762.0,5331.1303721158665,557807382.700895,9.557296187624147e-06
3771.0,14440.056649881513,557807382.700895,2.5887173776659205e-05
3780.0,5539.180173922158,557807382.700895,9.930274043885061e-06
3789.0,16928.045350477987,557807382.700895,3.034747455028768e-05
3798.0,1854.7284839506117,557807382.700895,3.3250339480450124e-06
3807.0,18386.980738943847,557807382.700895,3.2962956943872566e-05
3816.0,96717.48053564955,557807382.700895,0.0001733886705969092
3825.0,94875.30820671044,557807382.700895,0.00017008614648900057
3834.0,39666.849763466045,557807382.700895,7.111209172492439e-05
3843.0,6673.7390833129575,557807382.700895,1.1964235846070757e-05
3852.0,4261.889219330286,557807382.700895,7.640431718013992e-06
3861.0,6888.271118931692,557807382.700895,1.2348834620256885e-05
3870.0,1172.175063904303,557807382.700895,2.101397543769766e-06
3879.0,716.9085736790561,557807382.700895,1.2852260402287893e-06
3888.0,6699.276586772864,557807382.700895,1.2010017784875969e-05
3897.0,5860.497690493183,557807382.700895,1.0506310730626658e-05
3906.0,22319.824041732812,557807382.700895,4.001349701336071e-05
3915.0,31781.97014107828,557807382.700895,5.697660362111104e-05
3924.0,4151.015074448677,557807382.700895,7.4416639205266985e-06
3933.0,17387.743890214166,557807382.700895,3.117159153760742e-05
3942.0,10209.272331173932,557807382.700895,1.8302504857036468e-05
3951.0,7722.109937810212,557807382.700895,1.3843685432092833e-05
3960.0,6447.7148688019115,557807382.700895,1.1559034657415566e-05
3969.0,1037.812732149562,557807382.700895,1.86052168604239e-06
3978.0,3772.3857035031324,557807382.700895,6.76288235060156e-06
3987.0,2050.683724728728,557807382.700895,3.676329479182129e-06
3996.0,882.5416334110714,557807382.700895,1.5821619806066713e-06
4005.0,2300.6814216550492,557807382.700895,4.124508733669289e-06
4014.0,1987.4960307875288,557807382.700895,3.5630507813720625e-06
4023.0,4792.900328229343,557807382.700895,8.592393139406278e-06
4032.0,552.1541744357586,557807382.700895,9.898653039732752e-07
4041.0,6912.027958308882,557807382.700895,1.2391424302849756e-05
4050.0,11077.540903772035,557807382.700895,1.9859079042903212e-05
4059.0,6999.962509920715,557807382.700895,1.2549067522245764e-05
4068.0,11751.376191520525,557807382.700895,2.1067086159061822e-05
4077.0,3786.8375336590025,557807382.700895,6.788790631137208e-06
4086.0,10526.289766994138,557807382.700895,1.8870832644820873e-05
4095.0,5663.78769094991,557807382.700895,1.0153662118141811e-05
4104.0,14397.540461614308,557807382.700895,2.5810953580251368e-05
4113.0,7731.672353038844,557807382.700895,1.3860828294530997e-05
4122.0,24884.474140905626,557807382.700895,4.461123124691427e-05
4131.0,34138.845561416456,557807382.700895,6.120185322058071e-05
4140.0,31382.095397173467,557807382.700895,5.62597347586578e-05
4149.0,7665.636940810322,557807382.700895,1.3742444396654314e-05
4158.0,7136.589205185592,557807382.700895,1.2794002780368976e-05
4167.0,1590.055593048213,557807382.700895,2.850545981211629e-06
4176.0,4668.569535181113,557807382.700895,8.369501157507041e-06
4185.0,14138.109845762714,557807382.700895,2.534586361569149e-05
4194.0,2994.7879945923264,557807382.700895,5.3688568625456484e-06
4203.0,8206.115657909377,557807382.700895,1.4711378716745352e-05
4212.0,6530.224062747112,557807382.700895,1.1706951656193335e-05
4221.0,9158.404582081079,557807382.700895,1.6418579004344156e-05
4230.0,2499.5117350478217,557807382.700895,4.480958503892909e-06
4239.0,1507.983929408097,557807382.700895,2.703413357683546e-06
4248.0,6433.607206912715,557807382.700895,1.153374337887262e-05
4257.0,3726.337714603232,557807382.700895,6.680330576767129e-06
4266.0,4968.32030705176,557807382.700895,8.906874417823638e-06
4275.0,10629.068446800915,557807382.700895,1.9055087430602166e-05
4284.0,14595.17969805668,557807382.700895,2.6165268066885453e-05
4293.0,1776.8055740355294,557807382.700895,3.1853389344405294e-06
4302.0,35681.06416971711,557807382.700895,6.396664023511115e-05
4311.0,153086.38590849692,557807382.700895,0.0002744430974851121
4320.0,70956.43490343317,557807382.700895,0.00012720598024332913
4329.0,12154.713539863233,557807382.700895,2.1790162548602877e-05
4338.0,4556.905176198405,557807382.700895,8.169316716702346e-06
4347.0,7267.016129508363,557807382.700895,1.3027823501226497e-05
4356.0,3983.510381070834,557807382.700895,7.14137263975019e-06
4365.0,926.3560606335128,557807382.700895,1.6607095735235891e-06
4374.0,3151.935933549842,557807382.700895,5.650581242378356e-06
4383.0,7229.867455350554,557807382.700895,1.2961225827352166e-05
4392.0,5992.598569337828,557807382.700895,1.0743132405888493e-05
4401.0,21904.032639930476,557807382.700895,3.9268093824559095e-05
4410.0,32842.45202531154,557807382.700895,5.887776505626169e-05
4419.0,25255.002780555074,557807382.700895,4.527549036420194e-05
4428.0,8903.349185085248,557807382.700895,1.5961332641341824e-05
4437.0,18097.55229580561,557807382.700895,3.244408886841463e-05
4446.0,35992.53417414241,557807382.700895,6.452502295661112e-05
4455.0,6814.056818553697,557807382.700895,1.2215788155330853e-05
4464.0,2276.9379309009855,557807382.700895,4.08194298160072e-06
4473.0,2630.1738810156353,557807382.700895,4.715200914481219e-06
4482.0,344.7269219593357,557807382.700895,6.180035127720489e-07
4491.0,4359.28174175516,557807382.700895,7.815030558841984e-06
4500.0,9700.325928020164,557807382.700895,1.739009957353259e-05
4509.0,7336.674889814047,557807382.700895,1.315270309670334e-05
4518.0,645.6755273360873,557807382.700895,1.1575241693821548e-06
4527.0,6671.98997666405,557807382.700895,1.1961100163928227e-05
4536.0,15835.014363322261,557807382.700895,2.838796124685435e-05
4545.0,9550.424456877878,557807382.700895,1.712136617954905e-05
4554.0,11925.35758351402,557807382.700895,2.1378988434630644e-05
4563.0,3715.072306669508,557807382.700895,6.660134702199859e-06
4572.0,11663.6859332103,557807382.700895,2.0909880892459524e-05
4581.0,4291.53095849614,557807382.700895,7.693571457797155e-06
4590.0,6563.893554594989,557807382.700895,1.1767312083272749e-05
4599.0,5026.671323363731,557807382.700895,9.011482241458808e-06
4608.0,15555.664234035616,557807382.700895,2.7887160902595663e-05
4617.0,19217.398630559954,557807382.700895,3.445167494469076e-05
4626.0,9492.421924703618,557807382.700895,1.7017383095113324e-05
4635.0,3043.6145385316568,557807382.700895,5.456389845172936e-06
4644.0,4118.104326660421,557807382.700895,7.382663719366032e-06
4653.0,1713.0957685629662,557807382.700895,3.0711242297801472e-06
4662.0,1731.9940317979676,557807382.700895,3.1050037799996087e-06
4671.0,4015.102882519723,557807382.700895,7.1980095764933335e-06
4680.0,5765.170010098011,557807382.700895,1.0335413601345942e-05
4689.0,592.2078368414473,557807382.700895,1.0616708476929544e-06
4698.0,3050.487050974739,557807382.700895,5.46871042868656e-06
4707.0,4081.286540896343,557807382.700895,7.316659240210868e-06
4716.0,1964.3662271318062,557807382.700895,3.521585206743545e-06
4725.0,1204.5512860735582,557807382.700895,2.159439482928926e-06
4734.0,1489.66591842041,557807382.700895,2.670574045125523e-06
4743.0,2531.6212767030815,557807382.700895,4.538522355951995e-06
4752.0,2388.884556762417,557807382.700895,4.282633451704196e-06
4761.0,6458.444187089552,557807382.700895,1.157826946609753e-05
4770.0,2820.7845660201465,557807382.700895,5.056915081263268e-06
4779.0,5289.120444745074,557807382.700895,9.481983582101823e-06
4788.0,3277.4153015261627,557807382.700895,5.875532313066506e-06
4797.0,9337.614088207578,557807382.700895,1.673985389543428e-05
4806.0,2014.6656245115123,557807382.700895,3.6117586231227912e-06
4815.0,4658.535377670076,557807382.700895,8.351512586860212e-06
4824.0,12524.115441418502,557807382.700895,2.2452401724726057e-05
4833.0,14680.927460615627,557807382.700895,2.631899095621646e-05
4842.0,4279.239598020488,557807382.700895,7.671536323704565e-06
4851.0,8706.41120396792,557807382.700895,1.560827531864424e-05
4860.0,4359.353199153786,557807382.700895,7.815158662916693e-06
4869.0,6758.392762288047,557807382.700895,1.2115997335072928e-05
4878.0,4616.0665705899055,557807382.700895,8.27537733229521e-06
4887.0,3136.1523051895256,557807382.700895,5.622285402542223e-06
4896.0,1167.2654077946054,557807382.700895,2.0925958386257346e-06
4905.0,2336.2002965323627,557807382.700895,4.188184611721193e-06
4914.0,458.85807094172105,557807382.700895,8.226102507283735e-07
4923.0,5252.632582728056,557807382.700895,9.416570568311391e-06
4932.0,3383.1995550684073,557807382.700895,6.06517529166969e-06
4941.0,2335.3530995653714,557807382.700895,4.1866658133092946e-06
4950.0,3729.649898609293,557807382.700895,6.686268440102718e-06
4959.0,3833.9860494220466,557807382.700895,6.873315356383317e-06
4968.0,7637.449984257742,557807382.700895,1.369191269444539e-05
4977.0,2566.7879186860714,557807382.700895,4.6015667742827685e-06
4986.0,933.3907667869717,557807382.700895,1.6733209271406692e-06
4995.0,2896.5027501310815,557807382.700895,5.19265760898728e-06
5004.0,1193.2488152037995,557807382.700895,2.1391771643933913e-06
5013.0,1754.9385867869664,557807382.700895,3.146137253131323e-06
5022.0,1734.6822578682409,557807382.700895,3.1098230530204444e-06
5031.0,1112.5610099285043,557807382.700895,1.9945254301610365e-06
5040.0,4965.517698762858,557807382.700895,8.901850087963872e-06
5049.0,814.6149717170332,557807382.700895,1.4603875763936286e-06
5058.0,8678.871098374268,557807382.700895,1.555890324784033e-05
5067.0,5092.277487849753,557807382.700895,9.129096612513484e-06
5076.0,6017.257784090219,557807382.700895,1.078733980707596e-05
5085.0,4541.733581335038,557807382.700895,8.142118089839601e-06
5094.0,8656.32874522901,557807382.700895,1.551849081544098e-05
5103.0,13817.264252207806,557807382.700895,2.4770672961165954e-05
5112.0,4501.192693580165,557807382.700895,8.069439080898243e-06
5121.0,1333.3226095982775,557807382.700895,2.3902921527182904e-06
5130.0,5931.630783283871,557807382.700895,1.0633833411388361e-05
5139.0,1107.6538271145287,557807382.700895,1.9857281589771823e-06
5148.0,1424.4511404594768,557807382.700895,2.5536613258187903e-06
5157.0,375.9547436974056,557807382.700895,6.739866759687519e-07
5166.0,475.23683328104863,557807382.700895,8.519730072053887e-07
5175.0,436.2375110956458,557807382.700895,7.820576145539529e-07
5184.0,1467.903969431568,557807382.700895,2.631560669426781e-06
5193.0,2073.024691349385,557807382.700895,3.7163808792057052e-06
5202.0,1229.800857295558,557807382.700895,2.2047052359559693e-06
5211.0,751.7397515195819,557807382.700895,1.3476690607422031e-06
5220.0,7303.746352296478,557807382.700895,1.309367100329839e-05
5229.0,4722.697883313512,557807382.700895,8.466538862297377e-06
5238.0,3234.6918763900185,557807382.700895,5.798940596174416e-06
5247.0,10944.367748648689,557807382.700895,1.962033506199976e-05
5256.0,27352.44188297879,557807382.700895,4.903563977683241e-05
5265.0,54434.469984026924,557807382.700895,9.758649969897501e-05
5274.0,31158.847387270835,557807382.700895,5.585951056509896e-05
5283.0,2270.807089359011,557807382.700895,4.070952016382065e-06
5292.0,3728.004870115372,557807382.700895,6.683319342358697e-06
5301.0,2313.5690223392453,557807382.700895,4.1476127675775445e-06
5310.0,4424.182945762636,557807382.700895,7.931381123607238e-06
5319.0,25781.24514370341,557807382.700895,4.62189026951759e-05
5328.0,22711.936450735742,557807382.700895,4.07164500777399e-05
5337.0,7539.120866978918,557807382.700895,1.3515634788615753e-05
5346.0,4282.695620085912,557807382.700895,7.677732050352516e-06
5355.0,45876.97353759434,557807382.700895,8.224518885974354e-05
5364.0,35797.61449597005,557807382.700895,6.4175583913283e-05
5373.0,11028.282524066626,557807382.700895,1.977077189381726e-05
5382.0,23894.78362440736,557807382.700895,4.283697987055886e-05
5391.0,18509.90068165226,557807382.700895,3.318331964705738e-05
5400.0,3237.9812606165056,557807382.700895,5.804837585580617e-06
5409.0,8380.358919862741,557807382.700895,1.5023750455372554e-05
5418.0,25478.878326612048,557807382.700895,4.5676839562867925e-05
5427.0,6627.098765005056,557807382.700895,1.188062218344394e-05
5436.0,19245.818413911875,557807382.700895,3.4502624043310275e-05
5445.0,51924.47100153847,557807382.700895,9.308674035492496e-05
5454.0,35093.797044101884,557807382.700895,6.291382676611098e-05
5463.0,21542.00826268817,557807382.700895,3.8619080583663295e-05
5472.0,1308.3398619859845,557807382.700895,2.345504743323802e-06
5481.0,2587.4367190388575,557807382.700895,4.638584571094288e-06
5490.0,3404.8386364387525,557807382.700895,6.103968398468615e-06
5499.0,7245.6973341548855,557807382.700895,1.2989604581910206e-05
5508.0,3109.1866312082843,557807382.700895,5.57394313455238e-06
5517.0,1295.377318161651,557807382.700895,2.322266356335145e-06
5526.0,4827.9477086406,557807382.700895,8.655223753518193e-06
5535.0,7144.324597548297,557807382.700895,1.280787027764958e-05
5544.0,13315.532204038409,557807382.700895,2.3871201093762514e-05
5553.0,82888.9998091922,557807382.700895,0.0001485978894862325
5562.0,57787.36691394521,557807382.700895,0.00010359735045839595
5571.0,48785.15053961235,557807382.700895,8.745877529156279e-05
5580.0,29788.33265022975,557807382.700895,5.340254283834518e-05
5589.0,116432.87400131031,557807382.700895,0.00020873311758181487
5598.0,56323.29235159628,557807382.700895,0.00010097265489545828
5607.0,21368.002459519477,557807382.700895,3.830713454536211e-05
5616.0,31243.626013679048,557807382.700895,5.6011496051554355e-05
5625.0,55109.22287552647,557807382.700895,9.879615183414829e-05
5634.0,22900.013743574258,557807382.700895,4.105362254743337e-05
5643.0,2581.232216244393,557807382.700895,4.627461550878199e-06
5652.0,8352.093177133007,557807382.700895,1.49730775105419e-05
5661.0,2775.7493029395578,557807382.700895,4.97617885496499e-06
5670.0,6112.926550989459,557807382.700895,1.095884841357022e-05
5679.0,23245.750077315806,557807382.700895,4.1673435666556134e-05
5688.0,6054.436073127616,557807382.700895,1.085399057253801e-05
5697.0,1520.6864420146912,557807382.700895,2.726185577988499e-06
5706.0,7055.355587895209,557807382.700895,1.2648372550634383e-05
5715.0,20778.173875478693,557807382.700895,3.724972906394872e-05
5724.0,25231.43036317242,557807382.700895,4.5233231301102924e-05
5733.0,24786.24812778193,557807382.700895,4.443513817936093e-05
5742.0,6839.968219791665,557807382.700895,1.2262240393220762e-05
5751.0,8889.099457314896,557807382.700895,1.5935786676529825e-05
5760.0,21982.76247615893,557807382.700895,3.940923544202432e-05
5769.0,4808.446463729883,557807382.700895,8.62026321782881e-06
5778.0,2870.3443452982956,557807382.700895,5.145762559470137e-06
5787.0,6431.0657081493155,557807382.700895,1.1529187148815048e-05
5796.0,21588.88100223963,557807382.700895,3.8703110915647244e-05
5805.0,4249.356470808151,557807382.700895,7.617963839475971e-06
5814.0,18362.840117846667,557807382.700895,3.291967924292086e-05
5823.0,19977.73677109463,557807382.700895,3.58147586257513e-05
5832.0,8905.256695388096,557807382.700895,1.5964752299026546e-05
5841.0,21748.76358293554,557807382.700895,3.8989737779425486e-05
5850.0,15047.848250994886,557807382.700895,2.6976782161134967e-05
5859.0,1674.0885078949125,557807382.700895,3.001194605544661e-06
5868.0,11373.633552699115,557807382.700895,2.0389894263550537e-05
5877.0,6477.9997896879295,557807382.700895,1.1613327450636368e-05
5886.0,9568.391429001713,557807382.700895,1.7153576172964415e-05
5895.0,2180.810786178012,557807382.700895,3.90961262581101e-06
5904.0,1696.136847487446,557807382.700895,3.040721403282217e-06
5913.0,5424.922726128887,557807382.700895,9.725440885815267e-06
5922.0,7941.952672743787,557807382.700895,1.4237804875025084e-05
5931.0,43494.333893083065,557807382.700895,7.797375087164343e-05
5940.0,80901.15850699936,557807382.700895,0.0001450342197252341
5949.0,28169.42014229283,557807382.700895,5.050026409814966e-05
5958.0,16101.050936593927,557807382.700895,2.886489393279967e-05
5967.0,23790.58978424609,557807382.700895,4.265018807935531e-05
5976.0,7138.344287431293,557807382.700895,1.2797149175164261e-05
5985.0,13259.645677713765,557807382.700895,2.3771011443969714e-05
5994.0,6379.556848816579,557807382.700895,1.1436845489435549e-05
6003.0,1234.1051205327326,557807382.700895,2.212421632996706e-06
6012.0,1570.7729446404949,557807382.700895,2.8159773308033963e-06
6021.0,1015.3717164434869,557807382.700895,1.8202909246684262e-06
6030.0,11482.175731720838,557807382.700895,2.0584481467642676e-05
6039.0,88186.95116408473,557807382.700895,0.00015809570453708383
6048.0,96965.87495656632,557807382.700895,0.00017383397560473117
6057.0,32632.39237959589,557807382.700895,5.850118408542808e-05
6066.0,17480.75389433646,557807382.700895,3.13383336909148e-05
6075.0,19986.56982911045,557807382.700895,3.583059394505641e-05
6084.0,21717.791924134228,557807382.700895,3.8934213848115475e-05
6093.0,7003.566090985977,557807382.700895,1.2555527782860843e-05
6102.0,15441.69498066599,557807382.700895,2.7682844400333208e-05
6111.0,32502.405690088086,557807382.700895,5.8268152588285796e-05
6120.0,24083.30795934539,557807382.700895,4.317495376761487e-05
6129.0,3965.7786537061893,557807382.700895,7.109584377503125e-06
6138.0,15380.746772122753,557807382.700895,2.757358050309304e-05
6147.0,7788.68175222132,557807382.700895,1.3963030956149487e-05
6156.0,4434.418285143413,557807382.700895,7.949730359738206e-06
6165.0,13468.440365554583,557807382.700895,2.414532468240308e-05
6174.0,34945.470970106464,557807382.700895,6.264791763942065e-05
6183.0,2069.346077257369,557807382.700895,3.709786104367472e-06
6192.0,3685.0548203763046,557807382.700895,6.606321347941515e-06
6201.0,5379.049678472368,557807382.700895,9.643202735014176e-06
6210.0,32765.644632239128,557807382.700895,5.874006986710784e-05
6219.0,40797.92802838926,557807382.700895,7.31398136590561e-05
6228.0,13889.816022087909,557807382.700895,2.4900738951918544e-05
6237.0,7318.565888129191,557807382.700895,1.3120238482131242e-05
6246.0,18208.48980107615,557807382.700895,3.2642970254195845e-05
6255.0,8131.184226347063,557807382.700895,1.4577046626697538e-05
6264.0,7208.24778536361,557807382.700895,1.2922467519991189e-05
6273.0,10855.01597968072,557807382.700895,1.946015114952566e-05
6282.0,16225.374168330629,557807382.700895,2.9087772359282177e-05
6291.0,13131.125815043211,557807382.700895,2.3540609576485878e-05
6300.0,6793.825921416577,557807382.700895,1.2179519547627669e-05
6309.0,8960.92103728059,557807382.700895,1.6064543631337304e-05
6318.0,4774.752952091094,557807382.700895,8.559859729664767e-06
6327.0,22211.86196361555,557807382.700895,3.981994977561259e-05
6336.0,18278.68149930608,557807382.700895,3.276880526536057e-05
6345.0,3199.116246150475,557807382.700895,5.735162970881458e-06
6354.0,3060.442308908848,557807382.700895,5.486557553416078e-06
6363.0,11254.260775934017,557807382.700895,2.0175890683699913e-05
6372.0,18745.017427562736,557807382.700895,3.360482132165344e-05
6381.0,17539.26609181284,557807382.700895,3.144323046942832e-05
6390.0,23804.08015111707,557807382.700895,4.267437271241924e-05
6399.0,15090.088248011361,557807382.700895,2.7052507220226064e-05
6408.0,12232.917404125772,557807382.700895,2.1930361238487323e-05
6417.0,56280.49392494487,557807382.700895,0.00010089592872083472
6426.0,64555.61472372636,557807382.700895,0.00011573101526758045
6435.0,17127.355640304057,557807382.700895,3.070478479035837e-05
6444.0,1673.3523294586537,557807382.700895,2.9998748337756077e-06
6453.0,38969.456941509605,557807382.700895,6.986185222723313e-05
6462.0,50737.63743306538,557807382.700895,9.095906401846907e-05
6471.0,16704.85739036325,557807382.700895,2.9947358009997254e-05
6480.0,3757.3275421880226,557807382.700895,6.735887079864557e-06
6489.0,24625.07005136489,557807382.700895,4.414618883696138e-05
6498.0,7811.456004256177,557807382.700895,1.4003859121464519e-05
6507.0,6788.368377138433,557807382.700895,1.2169735624991648e-05
6516.0,19675.89917160103,557807382.700895,3.527364423957715e-05
6525.0,95804.97492667583,557807382.700895,0.00017175279119252524
6534.0,83991.2237684491,557807382.700895,0.00015057388333902078
6543.0,28989.79425407795,557807382.700895,5.1970976278065394e-05
6552.0,12040.878115327938,557807382.700895,2.1586085965779423e-05
6561.0,35019.440120584375,557807382.700895,6.278052461590017e-05
6570.0,39227.34070817406,557807382.700895,7.03241691033845e-05
6579.0,10844.57845564801,557807382.700895,1.944143945018928e-05
6588.0,5943.858348585657,557807382.700895,1.0655754177733513e-05
6597.0,214.73061305820355,557807382.700895,3.8495477062078516e-07
6606.0,18641.32262881959,557807382.700895,3.3418924178734576e-05
6615.0,23818.6681137763,557807382.700895,4.270052504225862e-05
6624.0,21269.92838713613,557807382.700895,3.8131313867069045e-05
6633.0,15396.478248648262,557807382.700895,2.76017828485861e-05
6642.0,8634.639696560975,557807382.700895,1.5479608130591923e-05
6651.0,34332.82480873293,557807382.700895,6.154960632197786e-05
6660.0,19392.08388199068,557807382.700895,3.4764839052675315e-05
6669.0,21185.797066285944,557807382.700895,3.798048882699371e-05
6678.0,3049.1354521817034,557807382.700895,5.466287372206937e-06
6687.0,10871.102920288757,557807382.700895,1.9488990747399296e-05
6696.0,18551.17492621732,557807382.700895,3.3257313369344115e-05
6705.0,24574.51711965986,557807382.700895,4.4055560901095316e-05
6714.0,31397.3737541202,557807382.700895,5.6287124781487455e-05
6723.0,31688.471020481415,557807382.700895,5.680898461229809e-05
6732.0,58694.41446417605,557807382.700895,0.00010522344501784573
6741.0,39097.5391461334,557807382.700895,7.00914694904605e-05
6750.0,8636.538813118024,557807382.700895,1.5483012740527086e-05
6759.0,2485.0029107079836,557807382.700895,4.454948047972468e-06
6768.0,6605.069093306544,557807382.700895,1.1841128852265992e-05
6777.0,20190.261678919385,557807382.700895,3.6195759154635864e-05
6786.0,11691.726115723939,557807382.700895,2.0960149467927045e-05
6795.0,2666.4095716330185,557807382.700895,4.780161852147429e-06
6804.0,1572.6512308215742,557807382.700895,2.819344597425048e-06
6813.0,11263.193799735478,557807382.700895,2.0191905215021112e-05
6822.0,2869.8600836015694,557807382.700895,5.144894407287602e-06
6831.0,4458.935655274052,557807382.700895,7.993683471315767e-06
6840.0,3200.1732941178157,557807382.700895,5.737057976218644e-06
6849.0,1072.9530974970692,557807382.700895,1.923518997367597e-06
6858.0,11910.39462177859,557807382.700895,2.1352163831372464e-05
6867.0,17587.631656440502,557807382.700895,3.15299370389855e-05
6876.0,9737.003422574333,557807382.700895,1.7455852547931348e-05
6885.0,32908.22761965005,557807382.700895,5.899568316989444e-05
6894.0,22146.037944058942,557807382.700895,3.970194484846751e-05
6903.0,30290.757990985196,557807382.700895,5.430325759461591e-05
6912.0,12227.562297111577,557807382.700895,2.1920760958569435e-05
6921.0,1694.0997041069031,557807382.700895,3.0370693480321075e-06
6930.0,5038.632742263847,557807382.700895,9.032925878224959e-06
6939.0,33698.41837924058,557807382.700895,6.0412284642188404e-05
6948.0,49625.90416701946,557807382.700895,8.896602251252319e-05
6957.0,6866.256377853294,557807382.700895,1.2309368055702281e-05
6966.0,7122.252297172635,557807382.700895,1.2768300524612627e-05
6975.0,8951.923631397416,557807382.700895,1.604841368009928e-05
6984.0,3230.9404118133534,557807382.700895,5.792215219829448e-06
6993.0,30684.626965337506,557807382.700895,5.500935971260008e-05
7002.0,43871.264669589975,557807382.700895,7.864948731435925e-05
7011.0,30398.615939919313,557807382.700895,5.449661815648562e-05
7020.0,20833.112128731955,557807382.700895,3.734821871280788e-05
7029.0,8612.80803581431,557807382.700895,1.544046978028728e-05
7038.0,3612.820484107492,557807382.700895,6.4768244310684265e-06
7047.0,60571.44013696222,557807382.700895,0.00010858845188401095
7056.0,77013.67644390774,557807382.700895,0.00013806500027125615
7065.0,17638.833487872915,557807382.700895,3.1621728279152467e-05
7074.0,4896.528280598293,557807382.700895,8.778170444588554e-06
7083.0,1058.5029894022807,557807382.700895,1.8976138040285973e-06
7092.0,3988.40290485349,557807382.700895,7.150143631197032e-06
7101.0,18709.38815505238,557807382.700895,3.35409475300628e-05
7110.0,30199.637084246657,557807382.700895,5.4139902089535765e-05
7119.0,7787.596153205456,557807382.700895,1.3961084766390209e-05
7128.0,3667.5928015845793,557807382.700895,6.575016601297296e-06
7137.0,19268.38549436742,557807382.700895,3.454308080518796e-05
7146.0,11880.827551037617,557807382.700895,2.129915795217845e-05
7155.0,21989.927371128506,557807382.700895,3.9422080189497684e-05
7164.0,22401.043005041654,557807382.700895,4.01591009724112e-05
7173.0,8029.935564021884,557807382.700895,1.4395534754561794e-05
7182.0,8605.329823554022,557807382.700895,1.5427063338400334e-05
7191.0,42009.94923650908,557807382.700895,7.53126447217273e-05
7200.0,21113.78136653693,557807382.700895,3.7851383867141227e-05
7209.0,9654.805241568996,557807382.700895,1.7308493112480113e-05
7218.0,26189.601638116375,557807382.700895,4.695097707618483e-05
7227.0,45055.6141193742,557807382.700895,8.077271028794133e-05
7236.0,18138.27817855435,557807382.700895,3.251709952408496e-05
7245.0,15182.287223689029,557807382.700895,2.7217795415644412e-05
7254.0,5508.505278288854,557807382.700895,9.875282129857719e-06
7263.0,17332.528447914632,557807382.700895,3.107260496265e-05
7272.0,32762.466465412548,557807382.700895,5.8734372260863937e-05
7281.0,8535.872028644657,557807382.700895,1.5302544020328477e-05
7290.0,5171.427750071398,557807382.700895,9.270991941754916e-06
7299.0,5198.589371173112,557807382.700895,9.319685490718356e-06
7308.0,3116.556684032732,557807382.700895,5.587155675391765e-06
7317.0,1022.962351687378,557807382.700895,1.8338989110079717e-06
7326.0,18149.647451960856,557807382.700895,3.253748160176823e-05
7335.0,6290.78406334161,557807382.700895,1.127769954008448e-05
7344.0,18603.794128673228,557807382.700895,3.335164557807381e-05
7353.0,13504.153335757823,557807382.700895,2.4209348521654402e-05
7362.0,40239.59779029308,557807382.700895,7.213887631865606e-05
7371.0,27465.409914408418,557807382.700895,4.9238161354948945e-05
7380.0,16912.487889615666,557807382.700895,3.03195841685093e-05
7389.0,25600.26155648606,557807382.700895,4.58944473494237e-05
7398.0,4938.602468605174,557807382.700895,8.853598252308056e-06
7407.0,2631.532480661811,557807382.700895,4.7176365216250275e-06
7416.0,9672.738600155675,557807382.700895,1.734064284578024e-05
7425.0,26955.166903627352,557807382.700895,4.832343159947227e-05
7434.0,54560.06947926105,557807382.700895,9.781166612582646e-05
7443.0,22103.32248949002,557807382.700895,3.962536742067857e-05
7452.0,19609.554255088377,557807382.700895,3.5154705482991655e-05
7461.0,28682.822887087215,557807382.700895,5.142065841474779e-05
7470.0,9760.80053438506,557807382.700895,1.7498514428266275e-05
7479.0,43647.31509036686,557807382.700895,7.824800539395376e-05
7488.0,25425.387671139506,557807382.700895,4.558094507109274e-05
7497.0,8044.611679229798,557807382.700895,1.4421845118431221e-05
7506.0,6027.023538869863,557807382.700895,1.0804847203145835e-05
7515.0,16728.492862971165,557807382.700895,2.9989730114313036e-05
7524.0,16370.06714120698,557807382.700895,2.9347168303767084e-05
7533.0,19944.459394380552,557807382.700895,3.57551011566211e-05
7542.0,46450.47577638011,557807382.700895,8.327332555454467e-05
7551.0,11370.125354890013,557807382.700895,2.0383604999697277e-05
7560.0,3595.300847225775,557807382.700895,6.445416390542167e-06
7569.0,8151.149225701513,557807382.700895,1.4612838550529344e-05
7578.0,10956.171795428814,557807382.700895,1.9641496572489227e-05
7587.0,64925.7785086296,557807382.700895,0.00011639462029752986
7596.0,21592.933823699306,557807382.700895,3.871037654458184e-05
7605.0,25396.243032078528,557807382.700895,4.5528696499336926e-05
7614.0,27510.037982301885,557807382.700895,4.931816758878072e-05
7623.0,7292.000556340934,557807382.700895,1.3072613921015491e-05
7632.0,1307.3675459110216,557807382.700895,2.343761639691407e-06
7641.0,2350.6837043723535,557807382.700895,4.214149502630062e-06
7650.0,10073.399355146132,557807382.700895,1.805892081666414e-05
7659.0,17467.23268432287,557807382.700895,3.1314093764314826e-05
7668.0,14203.169407518928,557807382.700895,2.546249807370314e-05
7677.0,65794.48408938138,557807382.700895,0.00011795197792256795
7686.0,45480.46382186891,557807382.700895,8.15343525961474e-05
7695.0,16812.62868145855,557807382.700895,3.0140563217453415e-05
7704.0,3420.2370799938853,557807382.700895,6.13157370458804e-06
7713.0,694.8181936205219,557807382.700895,1.2456238751380857e-06
7722.0,5807.732754324325,557807382.700895,1.0411717260182843e-05
7731.0,12658.571106201094,557807382.700895,2.2693444903702212e-05
7740.0,2847.6493097994057,557807382.700895,5.105076408295513e-06
7749.0,13882.065006821234,557807382.700895,2.488684344693411e-05
7758.0,18285.93730790939,557807382.700895,3.278181299675375e-05
7767.0,16738.95663605888,557807382.700895,3.000848887121053e-05
7776.0,7331.227551269041,557807382.700895,1.3142937470227353e-05
7785.0,18312.51150280128,557807382.700895,3.282945344705259e-05
7794.0,10389.254248917423,557807382.700895,1.8625164476333766e-05
7803.0,8143.591457314444,557807382.700895,1.4599289485706148e-05
7812.0,11039.388347571286,557807382.700895,1.9790681676027185e-05
7821.0,29938.22054586509,557807382.700895,5.3671251895062184e-05
7830.0,57268.191688002444,557807382.700895,0.00010266660762127373
7839.0,46170.688042725014,557807382.700895,8.277174070226042e-05
7848.0,22744.701175891874,557807382.700895,4.077518849923135e-05
7857.0,4373.433172875236,557807382.700895,7.840400303952842e-06
7866.0,8048.082133217443,557807382.700895,1.4428066717670085e-05
7875.0,6162.167148150278,557807382.700895,1.1047123683292174e-05
7884.0,5637.077009394139,557807382.700895,1.0105776983623803e-05
7893.0,28599.992442722727,557807382.700895,5.127216549957082e-05
7902.0,25007.299736086767,557807382.700895,4.483142481012315e-05
7911.0,49970.53303996263,557807382.700895,8.958385024953607e-05
7920.0,50355.83303039901,557807382.700895,9.027459046270924e-05
7929.0,47585.11364734344,557807382.700895,8.530742891378927e-05
7938.0,47829.0465754077,557807382.700895,8.574473565376667e-05
7947.0,25743.443699041098,557807382.700895,4.6151134777728704e-05
7956.0,7997.590736337746,557807382.700895,1.4337549097348862e-05
7965.0,14856.157985869168,557807382.700895,2.6633132594867913e-05
7974.0,24744.145193471275,557807382.700895,4.4359658837178695e-05
7983.0,6010.298764117899,557807382.700895,1.0774864138613798e-05
7992.0,6210.926809093399,557807382.700895,1.1134536762529361e-05
8001.0,21018.053938076446,557807382.700895,3.767977009609903e-05
8010.0,26797.156765625234,557807382.700895,4.804016152650006e-05
8019.0,9038.129500872574,557807382.700895,1.6202957833060735e-05
8028.0,9705.986878792417,557807382.700895,1.7400248149811452e-05
8037.0,1580.0331294814077,557807382.700895,2.83257837469076e-06
8046.0,7909.647565236543,557807382.700895,1.4179890425505211e-05
8055.0,12220.42971814915,557807382.700895,2.190797414508573e-05
8064.0,27499.022517942023,557807382.700895,4.929841979643971e-05
8073.0,61478.84927181163,557807382.700895,0.00011021519466833153
8082.0,70261.4377498711,557807382.700895,0.00012596003554070273
8091.0,45451.662195759185,557807382.700895,8.148271895521161e-05
8100.0,8723.356968477754,557807382.700895,1.5638654558925685e-05
8109.0,6579.145580937491,557807382.700895,1.1794654902345264e-05
8118.0,2444.020253686442,557807382.700895,4.381477064452845e-06
8127.0,3423.192424137906,557807382.700895,6.13687184913699e-06
8136.0,854.9747965000539,557807382.700895,1.5327419876737358e-06
8145.0,1673.6428589012166,557807382.700895,3.0003956756496546e-06
8154.0,3076.000892231365,557807382.700895,5.514449947466479e-06
8163.0,5933.234415426437,557807382.700895,1.0636708296505158e-05
8172.0,7597.871648106473,557807382.700895,1.3620959284041191e-05
8181.0,4475.376746513326,557807382.700895,8.023157966901798e-06
8190.0,1019.6334848341698,557807382.700895,1.827931139772873e-06
8199.0,6450.110352509617,557807382.700895,1.1563329121386453e-05
8208.0,11849.178170943695,557807382.700895,2.124241904718104e-05
8217.0,7658.5397823827125,557807382.700895,1.3729721082751142e-05
8226.0,2200.6386429378963,557807382.700895,3.945158689514715e-06
8235.0,3922.3021125303985,557807382.700895,7.031642524232418e-06
8244.0,6838.500033584394,557807382.700895,1.225960832657409e-05
8253.0,481.7092094443594,557807382.700895,8.63576252992441e-07
8262.0,5605.11227090473,557807382.700895,1.0048472725055843e-05
8271.0,23369.40210912298,557807382.700895,4.1895110810417535e-05
8280.0,16267.649840505657,557807382.700895,2.9163561374426316e-05
8289.0,32896.05072842039,557807382.700895,5.897385324865765e-05
8298.0,18049.14569047178,557807382.700895,3.235730872380729e-05
8307.0,10262.91261754096,557807382.700895,1.8398667597133786e-05
8316.0,34991.54144432416,557807382.700895,6.273050972343831e-05
8325.0,17437.241804001314,557807382.700895,3.126032810747404e-05
8334.0,8021.544357242944,557807382.700895,1.438049155678569e-05
8343.0,3474.3009657406474,557807382.700895,6.228495845498019e-06
8352.0,8659.88929502543,557807382.700895,1.5524873932457433e-05
8361.0,4449.109787863084,557807382.700895,7.976068309315953e-06
8370.0,4300.829205931344,557807382.700895,7.710240737773663e-06
8379.0,25488.864627972824,557807382.700895,4.56947423401894e-05
8388.0,72692.5742946624,557807382.700895,0.00013031841554818807
8397.0,51004.927296130845,557807382.700895,9.143824351905448e-05
8406.0,24039.588351162234,557807382.700895,4.3096576159969244e-05
8415.0,15340.024683060337,557807382.700895,2.75005766484914e-05
8424.0,25265.629036108214,557807382.700895,4.529454040886376e-05
8433.0,9133.26572011505,557807382.700895,1.6373511723512723e-05
8442.0,8116.981337756733,557807382.700895,1.455158463205423e-05
8451.0,8599.671170630023,557807382.700895,1.5416918881551092e-05
8460.0,9134.931738454443,557807382.700895,1.637649845045657e-05
8469.0,4764.647639571033,557807382.700895,8.541743597047211e-06
8478.0,8972.209492789743,557807382.700895,1.6084780824065897e-05
8487.0,8046.6736765173655,557807382.700895,1.4425541730113884e-05
8496.0,19919.797543815068,557807382.700895,3.57108890301231e-05
8505.0,15803.721699268492,557807382.700895,2.8331861838663932e-05
8514.0,4349.9998841992765,557807382.700895,7.798390661551742e-06
8523.0,12223.092841738651,557807382.700895,2.191274841604752e-05
8532.0,12228.731226036443,557807382.700895,2.1922856536650893e-05
8541.0,10256.974473360666,557807382.700895,1.8388022086937162e-05
8550.0,14240.801488915315,557807382.700895,2.552996236794423e-05
8559.0,71733.83130710952,557807382.700895,0.00012859964484474086
8568.0,88527.87480940665,557807382.700895,0.0001587068897882922
8577.0,37822.92743475062,557807382.700895,6.78064303337338e-05
8586.0,41266.74738212486,557807382.700895,7.398028183548216e-05
8595.0,35647.60059234899,557807382.700895,6.390664895782454e-05
8604.0,17667.86739126191,557807382.700895,3.1673778331355814e-05
8613.0,18521.466766323785,557807382.700895,3.3204054554895136e-05
8622.0,11052.473475633164,557807382.700895,1.9814139823889124e-05
8631.0,5451.43178010784,557807382.700895,9.772964555815108e-06
8640.0,7640.531855554193,557807382.700895,1.3697437668463355e-05
8649.0,9275.076384051315,557807382.700895,1.6627740456107868e-05
8658.0,24121.622625658187,557807382.700895,4.324364175472481e-05
8667.0,39428.44271023405,557807382.700895,7.068469140605871e-05
8676.0,37532.92354815741,557807382.700895,6.72865306414977e-05
8685.0,16802.50980181009,557807382.700895,3.0122422762589825e-05
8694.0,9316.086423124043,557807382.700895,1.670126052834886e-05
8703.0,10152.045915996176,557807382.700895,1.8199913143566014e-05
8712.0,3355.909571710852,557807382.700895,6.016251623385815e-06
8721.0,5185.000497558546,557807382.700895,9.295324261311947e-06
8730.0,1977.6387720552827,557807382.700895,3.5453793430979442e-06
8739.0,5312.746090390484,557807382.700895,9.524338069292391e-06
8748.0,14841.691784332277,557807382.700895,2.66071985502756e-05
8757.0,43606.56002535431,557807382.700895,7.817494242226052e-05
8766.0,84380.9519206144,557807382.700895,0.0001512725620662156
8775.0,70598.68849691929,557807382.700895,0.00012656463626401198
8784.0,12469.269195252105,557807382.700895,2.2354077020056795e-05
8793.0,11779.272531784613,557807382.700895,2.111709686370509e-05
8802.0,16073.562684369843,557807382.700895,2.881561482127019e-05
8811.0,12460.28553119196,557807382.700895,2.233797170424573e-05
8820.0,3509.8948218721184,557807382.700895,6.292306144958607e-06
8829.0,5365.04648959781,557807382.700895,9.618098748747884e-06
8838.0,2736.3837742993287,557807382.700895,4.905606951721936e-06
8847.0,3258.9336211610603,557807382.700895,5.842399584927243e-06
8856.0,11229.866973742606,557807382.700895,2.0132159096510624e-05
8865.0,34627.809394283315,557807382.700895,6.207843508025295e-05
8874.0,132331.18913122153,557807382.700895,0.0002372345602356066
8883.0,59908.69326351111,557807382.700895,0.00010740032333999259
8892.0,10070.274789182899,557807382.700895,1.8053319302485346e-05
8901.0,7021.799825536855,557807382.700895,1.2588216010224546e-05
8910.0,18164.80796765848,557807382.700895,3.256466036663902e-05
8919.0,7812.34793000108,557807382.700895,1.4005458106656478e-05
8928.0,21679.6310467654,557807382.700895,3.88658015636024e-05
8937.0,24919.969745393893,557807382.700895,4.467486540735939e-05
8946.0,29336.83942688071,557807382.700895,5.259313579686266e-05
8955.0,5174.574022799732,557807382.700895,9.2766323703794e-06
8964.0,11123.293455730081,557807382.700895,1.9941101177025052e-05
8973.0,6259.446404084145,557807382.700895,1.1221519467483561e-05
8982.0,5017.091898557014,557807382.700895,8.994308885379628e-06
8991.0,8108.33585729303,557807382.700895,1.4536085589316848e-05
9000.0,10394.59719817276,557807382.700895,1.8634742960629662e-05
9009.0,13918.24178714418,557807382.700895,2.4951698774140028e-05
9018.0,14876.024207434393,557807382.700895,2.6668747436444656e-05
9027.0,31949.34334016665,557807382.700895,5.7276659167665376e-05
9036.0,19121.009914262268,557807382.700895,3.427887566076774e-05
9045.0,26219.85113655962,557807382.700895,4.700520636640465e-05
9054.0,35695.0251364852,557807382.700895,6.399166852839133e-05
9063.0,38349.95239030439,557807382.700895,6.875124564435576e-05
9072.0,19057.806437299714,557807382.700895,3.416556866820604e-05
9081.0,68113.9435944276,557807382.700895,0.00012211015075602069
9090.0,54113.552124545015,557807382.700895,9.701117949089881e-05
9099.0,4653.331077036597,557807382.700895,8.342182662598044e-06
9108.0,30553.23468777771,557807382.700895,5.477380837062322e-05
9117.0,30436.46151724322,557807382.700895,5.456446519203516e-05
9126.0,29006.998527812797,557807382.700895,5.2001818956503136e-05
9135.0,15912.5099996844,557807382.700895,2.8526890272832645e-05
9144.0,31485.818797826974,557807382.700895,5.644568317718046e-05
9153.0,5944.088841323548,557807382.700895,1.0656167389793874e-05
9162.0,18197.117515076145,557807382.700895,3.2622582775735195e-05
9171.0,7703.8944073939965,557807382.700895,1.3811029839891782e-05
9180.0,14071.878450809465,557807382.700895,2.522712837301228e-05
9189.0,39272.31692933713,557807382.700895,7.04047994832574e-05
9198.0,15432.19700835086,557807382.700895,2.7665817066867056e-05
9207.0,2318.367604530552,557807382.700895,4.15621534678342e-06
9216.0,7053.104257141366,557807382.700895,1.2644336514497785e-05
9225.0,8658.335331945393,557807382.700895,1.5522088090734585e-05
9234.0,17988.62755158613,557807382.700895,3.224881582686387e-05
9243.0,35296.92414766167,557807382.700895,6.327797953615187e-05
9252.0,102254.90393791482,557807382.700895,0.00018331579521733488
9261.0,62930.87923198637,557807382.700895,0.00011281829746905822
9270.0,5582.041679567399,557807382.700895,1.000711330233608e-05
9279.0,4916.544255775932,557807382.700895,8.81405375448797e-06
9288.0,1269.904900481058,557807382.700895,2.2766010989890413e-06
9297.0,279.8563299593803,557807382.700895,5.01707827179196e-07
9306.0,702.9589006133278,557807382.700895,1.2602179935475422e-06
9315.0,4483.123017954243,557807382.700895,8.03704496747072e-06
9324.0,241.2867105300427,557807382.700895,4.325627770678402e-07
9333.0,425.6555194135017,557807382.700895,7.630869232179826e-07
9342.0,5385.983637385314,557807382.700895,9.655633475674816e-06
9351.0,54971.25915218383,557807382.700895,9.854881964095533e-05
9360.0,88918.92550997992,557807382.700895,0.0001594079394923671
9369.0,49322.713347302844,557807382.700895,8.842248216307755e-05
9378.0,8644.394554945226,557807382.700895,1.549709599232839e-05
9387.0,196.40889828384223,557807382.700895,3.521088181601924e-07
9396.0,3805.4451538991893,557807382.700895,6.822149135913692e-06
9405.0,19117.491956300546,557807382.700895,3.42725688995616e-05
9414.0,33513.947611367104,557807382.700895,6.008157771073785e-05
9423.0,27046.09108237851,557807382.700895,4.8486434423692525e-05
9432.0,26869.087599147155,557807382.700895,4.816911434382141e-05
9441.0,26149.71452601377,557807382.700895,4.6879470112778434e-05
9450.0,4262.722220107467,557807382.700895,7.641925066440374e-06
9459.0,14149.764091432357,557807382.700895,2.5366756572706896e-05
9468.0,12180.011364632786,557807382.700895,2.1835514807382714e-05
9477.0,2146.217358391023,557807382.700895,3.847595827791076e-06
9486.0,15197.379773738116,557807382.700895,2.724485233621798e-05
9495.0,9459.778212751924,557807382.700895,1.695886161805142e-05
9504.0,13779.644560636027,557807382.700895,2.47032308785789e-05
9513.0,25236.324898692215,557807382.700895,4.524200589905841e-05
9522.0,61229.53309760186,557807382.700895,0.0001097682372024719
9531.0,15171.224568071899,557807382.700895,2.719796302195403e-05
9540.0,13436.92889043696,557807382.700895,2.4088833004281066e-05
9549.0,2334.819654980718,557807382.700895,4.185709489314315e-06
9558.0,8061.794730393889,557807382.700895,1.445264975045472e-05
9567.0,27443.30578131532,557807382.700895,4.919853453433199e-05
9576.0,7505.616334039271,557807382.700895,1.3455570088902715e-05
9585.0,3175.165589782014,557807382.700895,5.692225826069046e-06
9594.0,5843.905798777255,557807382.700895,1.0476565889969313e-05
9603.0,26990.635602343125,557807382.700895,4.838701752503683e-05
9612.0,45194.36059675628,557807382.700895,8.1021445750549e-05
9621.0,50217.66788282866,557807382.700895,9.002689716954888e-05
9630.0,61511.74021861816,557807382.700895,0.00011027415937160824
9639.0,39168.56519083592,557807382.700895,7.021880026252488e-05
9648.0,19846.56943051166,557807382.700895,3.5579610535835626e-05
9657.0,10492.721235543722,557807382.700895,1.8810653212831503e-05
9666.0,7488.085430303133,557807382.700895,1.342414184990872e-05
9675.0,30184.40880796274,557807382.700895,5.41126018479897e-05
9684.0,36941.60273572274,557807382.700895,6.62264499922035e-05
9693.0,7862.665925161416,557807382.700895,1.4095664863900698e-05
9702.0,10546.25703186473,557807382.700895,1.8906628630119444e-05
9711.0,6273.333568741229,557807382.700895,1.1246415453244529e-05
9720.0,5685.59722238343,557807382.700895,1.0192760796484719e-05
9729.0,16289.536932683734,557807382.700895,2.9202799098516845e-05
9738.0,100433.70668875019,557807382.700895,0.00018005087383829823
9747.0,58601.30466602593,557807382.700895,0.00010505652396043825
9756.0,3063.7113268502185,557807382.700895,5.492418031500003e-06
9765.0,4511.1459264941595,557807382.700895,8.087282575306296e-06
9774.0,1348.4593638872225,557807382.700895,2.417428319714957e-06
9783.0,7570.357408105022,557807382.700895,1.3571633583351775e-05
9792.0,3041.494721379631,557807382.700895,5.452589577880377e-06
9801.0,2831.7277437434204,557807382.700895,5.076533282926871e-06
9810.0,6677.569544102319,557807382.700895,1.1971102841575218e-05
9819.0,3186.1204014951472,557807382.700895,5.711864884376395e-06
9828.0,4551.521089601052,557807382.700895,8.159664484113953e-06
9837.0,45074.5612795252,557807382.700895,8.080667749730177e-05
9846.0,30717.665445039172,557807382.700895,5.5068588903045166e-05
9855.0,12808.498920972701,557807382.700895,2.296222552479342e-05
9864.0,6376.66668277849,557807382.700895,1.143166419186273e-05
9873.0,9006.446562922878,557807382.700895,1.6146158767769976e-05
9882.0,9582.69659525562,557807382.700895,1.7179221524204907e-05
9891.0,26286.952234250406,557807382.700895,4.712550075434531e-05
9900.0,28075.465313716097,557807382.700895,5.033182812635988e-05
9909.0,45403.14331707671,557807382.700895,8.139573753440726e-05
9918.0,30237.341320922573,557807382.700895,5.420749573896605e-05
9927.0,7063.604804010359,557807382.700895,1.2663161196986117e-05
9936.0,27961.207854370896,557807382.700895,5.012699494758055e-05
9945.0,30403.518981332556,557807382.700895,5.450540800324151e-05
9954.0,26686.21287391586,557807382.700895,4.784126869153581e-05
9963.0,27863.64699637897,557807382.700895,4.995209432593668e-05
9972.0,20835.881923006298,557807382.700895,3.7353184215883385e-05
9981.0,10716.608995639923,557807382.700895,1.9212024308015187e-05
9990.0,2402.4306458118713,557807382.700895,4.30691797978603e-06
9999.0,39468.64840831897,557807382.700895,7.075676950923877e-05
10008.0,120308.3881327933,557807382.700895,0.00021568088172347578
10017.0,14266.395410431747,557807382.700895,2.557584544929125e-05
10026.0,26508.463195513894,557807382.700895,4.752261088256005e-05
10035.0,12225.507303831648,557807382.700895,2.191707690320613e-05
10044.0,19006.60583468942,557807382.700895,3.407377963098969e-05
10053.0,20848.082003502015,557807382.700895,3.737505570929505e-05
10062.0,8538.61971527714,557807382.700895,1.5307469890293085e-05
10071.0,1820.0683177870915,557807382.700895,3.262897505899524e-06
10080.0,5483.672825955849,557807382.700895,9.83076415985028e-06
10089.0,2599.000516497087,557807382.700895,4.659315378568073e-06
10098.0,997.5148112477182,557807382.700895,1.7882782519259003e-06
10107.0,13899.714679158513,557807382.700895,2.4918484606382052e-05
10116.0,56430.533097643674,557807382.700895,0.0001011649089770162
10125.0,36661.01415563674,557807382.700895,6.572342943566767e-05
10134.0,45543.558932893575,557807382.700895,8.164746531745842e-05
10143.0,30538.355658760138,557807382.700895,5.474713423636288e-05
10152.0,22498.639103212074,557807382.700895,4.033406477030476e-05
10161.0,47691.61679353393,557807382.700895,8.549836067534971e-05
10170.0,23328.77553717774,557807382.700895,4.1822278192554856e-05
10179.0,11449.46340999248,557807382.700895,2.0525836991533442e-05
10188.0,28583.53973322224,557807382.700895,5.124267017553832e-05
10197.0,22133.407446125268,557807382.700895,3.967930173128158e-05
10206.0,4436.920535739198,557807382.700895,7.954216228289585e-06
10215.0,18501.559819537546,557807382.700895,3.316836670384905e-05
10224.0,38431.48099556312,557807382.700895,6.889740470891308e-05
10233.0,57343.887631211226,557807382.700895,0.0001028023102769866
10242.0,7934.190032483235,557807382.700895,1.422388852952431e-05
10251.0,4344.563031036636,557807382.700895,7.788643832572326e-06
10260.0,9911.999839597127,557807382.700895,1.7769574492907163e-05
10269.0,4210.444294750951,557807382.700895,7.548204676610844e-06
10278.0,5913.453100733799,557807382.700895,1.0601245670326105e-05
10287.0,1190.753887200749,557807382.700895,2.1347044232995563e-06
10296.0,6060.077816746016,557807382.700895,1.0864104715508084e-05
10305.0,19256.26895855387,557807382.700895,3.4521359085129534e-05
10314.0,17331.413679761,557807382.700895,3.107060648039931e-05
10323.0,7174.902348649576,557807382.700895,1.2862688037416801e-05
10332.0,10740.960622057994,557807382.700895,1.925568028528131e-05
10341.0,10666.342773773182,557807382.700895,1.912191036649051e-05
10350.0,33326.53989653731,557807382.700895,5.974560561599366e-05
10359.0,49436.66936909391,557807382.700895,8.862677494464539e-05
10368.0,27010.4163583515,557807382.700895,4.842247914964387e-05
10377.0,19816.094466815615,557807382.700895,3.552497704649655e-05
10386.0,10271.264810978297,557807382.700895,1.8413640854384155e-05
10395.0,25152.481989075448,557807382.700895,4.509169790347254e-05
10404.0,20542.725556913098,557807382.700895,3.682763296793515e-05
10413.0,24682.76484862362,557807382.700895,4.424962023469472e-05
10422.0,49941.93217307446,557807382.700895,8.953257651638885e-05
10431.0,93003.29145276106,557807382.700895,0.0001667301192795988
10440.0,62886.97828939123,557807382.700895,0.00011273959477713154
10449.0,4878.133086045098,557807382.700895,8.74519276246444e-06
10458.0,1636.3183135276856,557807382.700895,2.9334827115493826e-06
10467.0,2061.314503968103,557807382.700895,3.6953876336079483e-06
10476.0,1675.4509146329945,557807382.700895,3.0036370377897946e-06
10485.0,25574.91921109366,557807382.700895,4.584901527703037e-05
10494.0,27580.457352081943,557807382.700895,4.94444107543679e-05
10503.0,4144.2921635062485,557807382.700895,7.429611532639905e-06
10512.0,308.10353921431056,557807382.700895,5.52347546428084e-07
10521.0,17102.91688340202,557807382.700895,3.066097261135189e-05
10530.0,96530.81842511805,557807382.700895,0.00017305403517199304
10539.0,43725.795239078914,557807382.700895,7.838869938823558e-05
10548.0,31555.444969883156,557807382.700895,5.6570504350609645e-05
10557.0,8216.236140064912,557807382.700895,1.4729522044477107e-05
10566.0,17100.055895764286,557807382.700895,3.0655843622875825e-05
10575.0,3069.8638555550615,557807382.700895,5.50344787602277e-06
10584.0,1060.97008167112,557807382.700895,1.9020366430682912e-06
10593.0,7259.4650194181995,557807382.700895,1.3014286372955446e-05
10602.0,31616.435631698656,557807382.700895,5.6679844355254596e-05
10611.0,23163.172529335912,557807382.700895,4.152539612720825e-05
10620.0,20815.730563711695,557807382.700895,3.7317058198337644e-05
10629.0,32946.670249093615,557807382.700895,5.906460056079992e-05
10638.0,61047.43241177745,557807382.700895,0.00010944177919658703
10647.0,50594.13262754082,557807382.700895,9.07017981414387e-05
10656.0,12962.575631256686,557807382.700895,2.323844400999515e-05
10665.0,3058.028255127755,557807382.700895,5.482229798251913e-06
10674.0,44726.61035360782,557807382.700895,8.018289420452316e-05
10683.0,34209.87946824051,557807382.700895,6.1329198087334e-05
10692.0,2126.088995195973,557807382.700895,3.811511036124123e-06
10701.0,2182.1440089506023,557807382.700895,3.912002738982575e-06
10710.0,15767.080369138512,557807382.700895,2.8266173697441118e-05
10719.0,16579.901869608948,557807382.700895,2.9723346057790262e-05
10728.0,22787.197130726025,557807382.700895,4.085137242248527e-05
10737.0,5769.242560467775,557807382.700895,1.0342714598959215e-05
10746.0,6640.69696389796,557807382.700895,1.1905000130589533e-05
10755.0,12880.001774708677,557807382.700895,2.309041108840099e-05
10764.0,5360.148005804615,557807382.700895,9.60931707259029e-06
10773.0,4259.267340474147,557807382.700895,7.635731387868764e-06
10782.0,16277.327018694474,557807382.700895,2.918090997627156e-05
10791.0,18074.063702052652,557807382.700895,3.2401980078747445e-05
10800.0,13913.240925627564,557807382.700895,2.4942733562004617e-05
