time,energy_abs
9.0,299.29209701094055
18.0,925.4907306121056
27.0,1348.5239949419945
36.0,2262.1076153330323
45.0,276.1522211048766
54.0,214.36347680851506
63.0,1536.5537506205703
72.0,1313.2200390661103
81.0,1265.2516706739482
90.0,3883.6462305647146
99.0,5367.5897371073115
108.0,4395.175866310528
117.0,4476.134188830409
126.0,1931.4652748713966
135.0,2293.220761298424
144.0,3102.1878466170174
153.0,1112.030425697725
162.0,1410.751196619029
171.0,1418.1469018316739
180.0,953.0394833338843
189.0,650.5585501454336
198.0,861.1353581345996
207.0,1627.8144460187814
216.0,1587.992594015551
225.0,524.8016814882377
234.0,2701.7123793050005
243.0,4746.1981438078155
252.0,1866.617388555145
261.0,2411.123941264672
270.0,863.0780120134349
279.0,867.0338033225494
288.0,892.4812096789972
297.0,2198.9415573186734
306.0,2074.6685956494634
315.0,1589.3546275608014
324.0,832.3943851598929
333.0,3089.0513396769825
342.0,3111.5858066728065
351.0,2783.2567577531
360.0,1549.0587989504047
369.0,1499.634367276655
378.0,2038.3273497592875
387.0,1476.015629829897
396.0,9408.060621670347
405.0,2438.2473773141705
414.0,4202.07335511015
423.0,2606.4593983712075
432.0,1572.5550150037661
441.0,1711.6867750969955
450.0,1819.0390303272113
459.0,2376.3902118041788
468.0,1557.7488923135197
477.0,994.6640957003193
486.0,1462.8040497098998
495.0,1386.1160190165585
504.0,1407.0294873159135
513.0,2584.7498923779817
522.0,4445.806919463937
531.0,1596.9109603112622
540.0,1854.482600212961
549.0,1498.7948668592953
558.0,3996.2829063379145
567.0,1672.9201069080393
576.0,5617.645161385042
585.0,2458.4448848421616
594.0,4026.573284139311
603.0,4704.547355197416
612.0,2586.611173150117
621.0,2703.6847773248114
630.0,5880.384225561443
639.0,2105.1685165735257
648.0,3418.3280642973564
657.0,2652.0961058696494
666.0,3069.8479183352556
675.0,1975.3776057102425
684.0,2474.5890618845306
693.0,4288.681110024897
702.0,3843.5323846754513
711.0,4616.701051992506
720.0,4467.652421365331
729.0,4521.188593301558
738.0,3851.6083760808187
747.0,3165.6182775209145
756.0,1616.3079884571782
765.0,1640.5430934572953
774.0,1791.3703770216698
783.0,5384.616295794293
792.0,1809.2345729913325
801.0,2382.5409751145025
810.0,1818.9522873530268
819.0,1666.977793013475
828.0,1678.3769300411884
837.0,4749.786273220842
846.0,2759.230168556254
855.0,5775.676705831302
864.0,4131.745025501461
873.0,2092.0639043525475
882.0,3452.428015743142
891.0,5804.9001118350125
900.0,2543.902974571587
909.0,3522.0731977663145
918.0,4647.434545081654
927.0,2666.8357579001918
936.0,2302.11996799231
945.0,4074.8665804128427
954.0,2511.178986207559
963.0,2845.097728728335
972.0,5371.417965262611
981.0,5624.358333752626
990.0,6405.966730718155
999.0,4919.282137753559
1008.0,3133.178848128229
1017.0,2476.9650668392333
1026.0,2626.2168663780167
1035.0,3938.4270194825094
1044.0,2678.091860868449
1053.0,2163.3230441622227
1062.0,4892.1722204615835
1071.0,5204.993836234133
1080.0,7582.19798877685
1089.0,6692.104165752175
1098.0,6919.913037213122
1107.0,3790.6396552205842
1116.0,4421.331777226141
1125.0,6927.538306763465
1134.0,4975.16031150754
1143.0,3514.400901381088
1152.0,6869.808821552682
1161.0,4106.811594213924
1170.0,5867.7452693721325
1179.0,5039.444983685125
1188.0,6482.626524306058
1197.0,5621.125069478209
1206.0,3617.155939303033
1215.0,2767.983279831266
1224.0,2795.1871132653923
1233.0,2880.0326384547507
1242.0,2570.107475597725
1251.0,2596.457663615727
1260.0,6870.439161330722
1269.0,3803.238122065565
1278.0,3452.3792464087182
1287.0,3255.8891623451664
1296.0,4667.858507025773
1305.0,4276.046112272521
1314.0,3319.7892231296173
1323.0,3132.4602992306595
1332.0,8972.02905735025
1341.0,3697.8896445700407
1350.0,3836.53453818722
1359.0,5334.7503170608525
1368.0,9524.519984443137
1377.0,5000.237582019965
1386.0,2923.081789318985
1395.0,3407.578934288888
1404.0,3276.1939690332665
1413.0,4811.987831565035
1422.0,4551.147502725357
1431.0,6830.326951339197
1440.0,5481.277964989442
1449.0,3850.9230278347395
1458.0,4297.14032065368
1467.0,5361.254365996117
1476.0,12862.15576670489
1485.0,5093.978421648886
1494.0,5279.864668638405
1503.0,4525.850751066737
1512.0,3535.3301648140655
1521.0,3793.229190604706
1530.0,3395.8111527068772
1539.0,3721.7232265232274
1548.0,4181.1448430004075
1557.0,6462.854541938824
1566.0,11967.254469533162
1575.0,7020.892378157627
1584.0,5230.5481987426465
1593.0,4450.979716349028
1602.0,6090.049430227563
1611.0,4612.057501943899
1620.0,6016.551043116276
1629.0,3585.6861170041125
1638.0,3551.211174025597
1647.0,7665.301795003125
1656.0,3610.8047058710185
1665.0,5027.220665949495
1674.0,6293.032918398112
1683.0,5983.946438295889
1692.0,4725.395460057491
1701.0,4541.100700888128
1710.0,4592.308245343288
1719.0,3524.1217787342175
1728.0,3512.1731992060572
1737.0,4773.945800579239
1746.0,5922.590403339002
1755.0,4692.050720707126
1764.0,3977.7452225681327
1773.0,3831.37231066499
1782.0,5202.754335525006
1791.0,4140.144935616175
1800.0,4111.742718924657
1809.0,3975.3453720806388
1818.0,4205.191150211632
1827.0,3893.5345031060383
1836.0,4680.733147602807
1845.0,5317.278571819466
1854.0,8664.221142975357
1863.0,10465.793183164244
1872.0,6085.265993015063
1881.0,5635.532732487905
1890.0,4079.122484926149
1899.0,5752.355761245241
1908.0,8768.35597285566
1917.0,15939.336778667457
1926.0,4510.097306399633
1935.0,4283.768467013475
1944.0,5010.644714890722
1953.0,9612.962351668772
1962.0,28536.284848224528
1971.0,7317.28372994648
1980.0,4439.308123225212
1989.0,4117.277682866454
1998.0,8260.592076755724
2007.0,5321.6292686313145
2016.0,5191.151912190727
2025.0,5153.725220580591
2034.0,4695.4557053665885
2043.0,6541.799320028245
2052.0,8105.611342010051
2061.0,7564.692645457488
2070.0,6572.574474244763
2079.0,7236.9254919128
2088.0,10069.909378743077
2097.0,11813.038254933212
2106.0,7271.973576585015
2115.0,4717.717319214669
2124.0,5295.146819449251
2133.0,6579.720036230283
2142.0,9662.23662645264
2151.0,4667.434776717256
2160.0,5682.14168306056
2169.0,7642.036570590251
2178.0,8717.64888841526
2187.0,5801.924221271143
2196.0,6883.369313131232
2205.0,5253.5881987654575
2214.0,5582.9666918498315
2223.0,6282.019199200299
2232.0,11219.820620543662
2241.0,5123.159128291975
2250.0,6518.510541471142
2259.0,5334.220747255599
2268.0,6224.8177039697075
2277.0,4648.305633422889
2286.0,5312.574423425114
2295.0,4841.615110039981
2304.0,5057.699615106285
2313.0,4826.61816859296
2322.0,5993.164531646754
2331.0,7068.239361620933
2340.0,5257.087903517932
2349.0,15011.570278734202
2358.0,9163.131355956251
2367.0,15735.474720664846
2376.0,6850.759230231752
2385.0,11711.193170353838
2394.0,14609.52685062684
2403.0,5354.378872770311
2412.0,5249.386670088499
2421.0,7410.087328224366
2430.0,7648.280159024643
2439.0,7153.16622739778
2448.0,9060.671536194332
2457.0,10228.439089765256
2466.0,11644.066745713939
2475.0,6759.0770226452005
2484.0,16203.67730176312
2493.0,7009.935273683139
2502.0,6411.072489651813
2511.0,6597.908606494959
2520.0,10140.259638055304
2529.0,7309.046267745455
2538.0,6579.805884966576
2547.0,5926.0674113718305
2556.0,13303.690303511214
2565.0,5939.790928409403
2574.0,6860.40848152536
2583.0,8462.022934068369
2592.0,14533.998226648051
2601.0,5663.70462663534
2610.0,6695.815531051763
2619.0,7522.07566727601
2628.0,10356.057410043755
2637.0,5900.14000334508
2646.0,5724.1126516670265
2655.0,7143.750934691608
2664.0,6076.626528814785
2673.0,5811.102439460472
2682.0,6395.399028512378
2691.0,6911.414548306984
2700.0,6919.46129963619
2709.0,6359.556419498543
2718.0,14443.041285339095
2727.0,7641.198502261023
2736.0,8313.999183918473
2745.0,14148.57062684642
2754.0,10984.440814998377
2763.0,6278.925969297102
2772.0,5804.489002069145
2781.0,6168.464949732797
2790.0,7700.972858052362
2799.0,7384.770165518143
2808.0,12838.135317831335
2817.0,6049.98527471214
2826.0,7555.48269400962
2835.0,8693.14998429141
2844.0,8940.081806585493
2853.0,10066.358281493398
2862.0,8101.634145123687
2871.0,16618.074850812376
2880.0,16834.74960861796
2889.0,6139.430995624751
2898.0,6544.550399689521
2907.0,8262.946445493564
2916.0,7691.126419813565
2925.0,7442.705018663037
2934.0,10462.111371986839
2943.0,9283.334237642648
2952.0,7022.390562733253
2961.0,8260.198844618399
2970.0,7382.467123962368
2979.0,7388.305748314775
2988.0,6010.885859336032
2997.0,7214.012922645767
3006.0,12415.757811903404
3015.0,16891.47983376635
3024.0,8312.244964257254
3033.0,7843.1021533546555
3042.0,8504.66213073961
3051.0,7378.507175205032
3060.0,6487.622688845539
3069.0,7797.737991486258
3078.0,10408.752430518372
3087.0,10669.117201194726
3096.0,6784.557958445376
3105.0,10496.634087442602
3114.0,9492.934987491726
3123.0,8576.97893156093
3132.0,7125.774890964272
3141.0,7228.901679631024
3150.0,10476.33533046447
3159.0,8614.991124272978
3168.0,9326.630790250532
3177.0,8568.14403576488
3186.0,8415.226162076615
3195.0,7255.830136092182
3204.0,7593.881901042731
3213.0,8134.990771030865
3222.0,14506.322824265582
3231.0,15022.270018603549
3240.0,9887.347440079508
3249.0,6926.896915315158
3258.0,8520.33766500831
3267.0,12557.414836784452
3276.0,9609.758579110674
3285.0,7076.069371236449
3294.0,9592.1579836103
3303.0,8593.713591625892
3312.0,9921.874018716015
3321.0,15035.062572134068
3330.0,22244.850571717237
3339.0,13603.890526946592
3348.0,7519.887174183998
3357.0,8874.866587977456
3366.0,21711.402517494033
3375.0,12370.092156154042
3384.0,8763.543109546525
3393.0,8236.45741449678
3402.0,7173.482046752535
3411.0,7428.474869010095
3420.0,10840.1365083213
3429.0,8973.604559822881
3438.0,7930.90045621796
3447.0,7850.846530395605
3456.0,9814.291909012121
3465.0,8871.603676264594
3474.0,8256.921916174186
3483.0,7582.135633691846
3492.0,9602.552246917105
3501.0,14589.232698324198
3510.0,7614.965818042435
3519.0,8776.342222677502
3528.0,12555.49934272588
3537.0,9299.341105069343
3546.0,9075.436625905546
3555.0,9488.838241020434
3564.0,9063.54663248577
3573.0,8233.721900043978
3582.0,8526.46097863833
3591.0,8719.06571470097
3600.0,11466.414719677074
3609.0,11685.51396114626
3618.0,7982.801124984053
3627.0,9346.465351849443
3636.0,13480.020455189897
3645.0,14125.078379227312
3654.0,8928.597055679224
3663.0,9315.506513638611
3672.0,7622.25091279532
3681.0,7959.761220792988
3690.0,8058.827017026586
3699.0,9012.086668286998
3708.0,8248.38380509685
3717.0,16675.386649120366
3726.0,8581.44243403124
3735.0,11576.004087854611
3744.0,9308.172179904133
3753.0,10444.536090762522
3762.0,9125.124269570995
3771.0,8513.961589889856
3780.0,8423.506421858265
3789.0,9679.072923501026
3798.0,8195.506651868956
3807.0,17056.842147236657
3816.0,32424.41532534619
3825.0,39507.097686313035
3834.0,15386.65023675809
3843.0,10222.149988653324
3852.0,8179.124730750536
3861.0,8896.085569013636
3870.0,8141.318690146058
3879.0,8257.294134595859
3888.0,9328.934557999506
3897.0,8682.186319152124
3906.0,17994.826973269184
3915.0,17127.692164390104
3924.0,11872.754137027843
3933.0,12426.182947963836
3942.0,9876.903948559986
3951.0,11060.871134359715
3960.0,8877.3127720597
3969.0,8392.866019911922
3978.0,12522.872933661445
3987.0,10671.854843463647
3996.0,8501.618181320033
4005.0,9542.058818744794
4014.0,9063.959422397327
4023.0,9232.129777772941
4032.0,8784.210549521224
4041.0,12431.60083480577
4050.0,11970.547279164708
4059.0,9847.330660644147
4068.0,14612.731470495226
4077.0,10843.61075721451
4086.0,9273.966082240653
4095.0,9881.28289220995
4104.0,16251.448898283648
4113.0,11656.584894289253
4122.0,18719.155074512688
4131.0,20301.944413299105
4140.0,15687.815613347197
4149.0,10982.980358001154
4158.0,9131.453106807154
4167.0,9202.95208303112
4176.0,9136.716746485099
4185.0,13665.675969361491
4194.0,10765.789939928167
4203.0,11887.967710081757
4212.0,10130.717733839596
4221.0,13416.411857092287
4230.0,11974.057755364352
4239.0,9051.896254875268
4248.0,10115.233610912512
4257.0,9294.178959884557
4266.0,11417.988308670545
4275.0,13952.718019556922
4284.0,9900.342696617128
4293.0,10859.5955790222
4302.0,24145.315170521684
4311.0,26167.561227245358
4320.0,17659.757166176358
4329.0,10994.363348076753
4338.0,9587.609263227783
4347.0,11119.738417536357
4356.0,9599.667079681683
4365.0,9284.389932687167
4374.0,9735.493672323202
4383.0,10837.975510974415
4392.0,9412.278114535844
4401.0,12051.108380533862
4410.0,16601.49834977205
4419.0,17033.29625566469
4428.0,11505.08670461928
4437.0,12110.158041109713
4446.0,12411.32728271958
4455.0,9818.113063239602
4464.0,9397.261562948332
4473.0,10030.155984365643
4482.0,9221.14820186993
4491.0,11119.105590845462
4500.0,12809.739902663441
4509.0,12630.235523422838
4518.0,9864.882096136187
4527.0,14516.911426739602
4536.0,10646.887606155396
4545.0,11767.72267463758
4554.0,12125.841492002386
4563.0,9992.835467259052
4572.0,17473.855992634573
4581.0,14783.781209692721
4590.0,18586.3034188892
4599.0,16361.752650045935
4608.0,22163.65587281155
4617.0,17267.670806954266
4626.0,22918.497329313843
4635.0,13683.682652225278
4644.0,12741.19080318583
4653.0,10441.367686417008
4662.0,9628.992778498154
4671.0,11951.739371947226
4680.0,10886.179386865431
4689.0,9858.004772334198
4698.0,12393.645400281088
4707.0,11616.049688953368
4716.0,11692.833492244039
4725.0,10430.04186841931
4734.0,10199.665525999319
4743.0,9925.766027541695
4752.0,10190.330390735884
4761.0,19893.48652399279
4770.0,18052.363979764265
4779.0,15053.792742541853
4788.0,12516.480704831285
4797.0,16165.239916543043
4806.0,11093.747108481002
4815.0,12040.220754549604
4824.0,12450.505829845504
4833.0,22367.65431082601
4842.0,11180.569276705754
4851.0,15571.017134753522
4860.0,10178.297992175687
4869.0,16606.041606572326
4878.0,16419.42196527114
4887.0,11495.019800753582
4896.0,10900.459793578768
4905.0,12609.314015953725
4914.0,11290.774864448282
4923.0,11649.025082427885
4932.0,13632.710855044637
4941.0,10226.030604345382
4950.0,11433.128742513043
4959.0,13715.545240635394
4968.0,11987.504091296792
4977.0,10682.496667301793
4986.0,10692.505654649312
4995.0,10929.196177949085
5004.0,11348.824532726696
5013.0,12056.105511273183
5022.0,12300.721667038915
5031.0,11470.285742870685
5040.0,13436.394454652767
5049.0,11040.83071500195
5058.0,18957.671428970298
5067.0,12130.415468075436
5076.0,14760.121489224393
5085.0,16791.772613287572
5094.0,20479.36806692295
5103.0,25082.81512597097
5112.0,17415.27097714683
5121.0,12607.214351129338
5130.0,20384.441056389238
5139.0,12382.421017383032
5148.0,10566.173513864003
5157.0,10737.380819942216
5166.0,10757.187131879888
5175.0,10745.968955774882
5184.0,11235.42419377628
5193.0,13473.08173592729
5202.0,10539.237949353103
5211.0,11361.965693177814
5220.0,14445.407493706347
5229.0,14263.98875373745
5238.0,11679.185354315177
5247.0,12193.713840434913
5256.0,22524.67604053813
5265.0,23766.8085482231
5274.0,13383.783288270202
5283.0,12499.263764220714
5292.0,13069.817245905844
5301.0,12125.075934694214
5310.0,11828.276865079308
5319.0,19778.231189457394
5328.0,15249.912354017562
5337.0,11473.966022498415
5346.0,11741.271781647336
5355.0,22000.739747568005
5364.0,15483.188104530444
5373.0,13627.053374556177
5382.0,17985.25124201237
5391.0,12172.940057401414
5400.0,12686.914557432709
5409.0,14706.011052061678
5418.0,16801.343975833235
5427.0,11563.056145342813
5436.0,22381.417092369305
5445.0,14092.642328303626
5454.0,18305.791070983498
5463.0,11707.484713144175
5472.0,11232.874951695692
5481.0,12988.490653383298
5490.0,11523.838908581143
5499.0,12982.956282081987
5508.0,11558.185703887977
5517.0,11355.695894803306
5526.0,12931.12843857432
5535.0,12093.290816511462
5544.0,18204.8759035763
5553.0,25913.05333177646
5562.0,14493.598436227543
5571.0,14262.720099971404
5580.0,19043.40140496033
5589.0,30232.935121861512
5598.0,18078.38451112583
5607.0,17470.522673097123
5616.0,17944.473255326637
5625.0,18293.782575491852
5634.0,12750.928485168957
5643.0,12088.773211849655
5652.0,12895.553254709539
5661.0,11684.230659913266
5670.0,13267.93611431685
5679.0,21300.633392707135
5688.0,12367.34001733986
5697.0,12484.467090799792
5706.0,13504.336936229116
5715.0,17352.164638120288
5724.0,16448.615982858842
5733.0,18034.912376214485
5742.0,12116.86972399302
5751.0,15282.357052180163
5760.0,14945.578996747758
5769.0,13072.249786437906
5778.0,11709.919075982125
5787.0,12231.416866081056
5796.0,17728.00018419807
5805.0,15684.564240298596
5814.0,19176.11339040495
5823.0,12634.735429586639
5832.0,12141.139051106124
5841.0,14937.653481392037
5850.0,14188.936960859452
5859.0,12821.532895184342
5868.0,15537.545634620423
5877.0,14537.880871751266
5886.0,16740.38617252174
5895.0,12807.390672234249
5904.0,12031.94939005217
5913.0,13006.108450677586
5922.0,13141.781299395325
5931.0,35841.820208158526
5940.0,34739.97130308248
5949.0,12524.456106694382
5958.0,14779.31455029963
5967.0,13860.89775514836
5976.0,15341.756714587087
5985.0,13837.386010633678
5994.0,12968.403326875667
6003.0,12442.101376698804
6012.0,12283.984819627627
6021.0,12223.034476874733
6030.0,19673.07656191093
6039.0,22008.612934137294
6048.0,24424.110415557378
6057.0,17673.999200933693
6066.0,13044.3634135334
6075.0,18251.19418324588
6084.0,13697.31654412202
6093.0,14280.911869945852
6102.0,16240.679378745375
6111.0,23020.692659764256
6120.0,21447.451715842035
6129.0,14158.050099236556
6138.0,16665.553049419043
6147.0,16483.09383894786
6156.0,15076.135677063718
6165.0,20534.096232833497
6174.0,18420.57416690135
6183.0,12451.59304858815
6192.0,14021.04598945087
6201.0,15627.499344677424
6210.0,22640.922304707517
6219.0,18419.42439903265
6228.0,14006.859522995534
6237.0,15657.160609000653
6246.0,18056.653494423022
6255.0,16211.215651049548
6264.0,16092.458106935897
6273.0,14452.906994985
6282.0,16494.871515514515
6291.0,15303.931922165742
6300.0,14085.913520715801
6309.0,13774.58571049199
6318.0,13291.797364493563
6327.0,19553.01610272701
6336.0,14092.425626552133
6345.0,14220.753179389792
6354.0,14322.062154254858
6363.0,15963.339377540768
6372.0,18316.990840482584
6381.0,16320.301283328972
6390.0,19193.9330266094
6399.0,13516.067071798765
6408.0,14178.286428113144
6417.0,18505.143348351463
6426.0,20611.014658264536
6435.0,14081.581443216146
6444.0,14244.791365596748
6453.0,27227.73696899167
6462.0,18107.337806763444
6471.0,14222.397970957289
6480.0,14611.53544864984
6489.0,14981.877985362857
6498.0,14044.281082824009
6507.0,14168.784210340986
6516.0,25208.79566582356
6525.0,28185.590845803945
6534.0,18272.736999360815
6543.0,14734.83249442844
6552.0,20079.627946583572
6561.0,16799.80001814204
6570.0,16166.18264774044
6579.0,15336.925867611015
6588.0,13753.508941735467
6597.0,13499.349971010302
6606.0,22241.785881805685
6615.0,15538.246178290483
6624.0,18484.394648531765
6633.0,14883.621390069453
6642.0,16981.81451631002
6651.0,20968.087771091563
6660.0,18076.65291647984
6669.0,16212.123649233716
6678.0,13661.27670954099
6687.0,16798.219978560217
6696.0,15641.231982999378
6705.0,15766.657372273068
6714.0,18882.087695560203
6723.0,17742.90949798613
6732.0,20463.535336402892
6741.0,18367.229257409228
6750.0,14170.210353647677
6759.0,15264.920903866545
6768.0,14903.88059955089
6777.0,17294.863417452092
6786.0,14934.408148365179
6795.0,14719.688233348257
6804.0,15693.240091015694
6813.0,17847.987130199246
6822.0,16329.801942048061
6831.0,16122.303528452716
6840.0,15197.33359030512
6849.0,14316.56170940126
6858.0,18802.962705398364
6867.0,18343.148728414566
6876.0,18039.17127154784
6885.0,17058.30048440344
6894.0,15701.665329451485
6903.0,20072.892738478702
6912.0,17575.332541435884
6921.0,14318.764938579752
6930.0,15279.717144870423
6939.0,24252.49135020346
6948.0,36187.61432242924
6957.0,17483.60595418721
6966.0,15612.678974309258
6975.0,16950.670276855293
6984.0,15140.20721901248
6993.0,18622.90269875953
7002.0,18054.47972420857
7011.0,17019.478745874276
7020.0,17999.317927879936
7029.0,18518.734624421628
7038.0,19709.516459897106
7047.0,28982.9479744196
7056.0,18265.208219716
7065.0,15135.224345459108
7074.0,22598.45660520313
7083.0,16139.099141725826
7092.0,17149.969037809962
7101.0,18245.457992892738
7110.0,19340.357007837854
7119.0,17738.444813190694
7128.0,19020.53921494854
7137.0,16209.87345125825
7146.0,19096.33889425694
7155.0,18614.17616134047
7164.0,15942.706648475452
7173.0,15296.610641865971
7182.0,17934.637651237845
7191.0,24403.83466707605
7200.0,15518.970885424542
